episode,seed,return,steps,terminated,truncated,epsilon,time
1,20250310,-200.0,200,False,True,1.0,0.22215466701891273
2,20250311,-200.0,200,False,True,0.995,0.12873141700401902
3,20250312,-200.0,200,False,True,0.990025,0.09187695902073756
4,20250313,-180.0,180,True,False,0.985074875,0.11546108301263303
5,20250314,-200.0,200,False,True,0.9801495006250001,0.09788579103769735
6,20250315,-200.0,200,False,True,0.9752487531218751,0.10300750000169501
7,20250316,-200.0,200,False,True,0.9703725093562657,0.12527741602389142
8,20250317,-200.0,200,False,True,0.9655206468094844,0.11310908303130418
9,20250318,-200.0,200,False,True,0.960693043575437,0.10741633403813466
10,20250319,-200.0,200,False,True,0.9558895783575597,0.0911457080510445
11,20250320,-200.0,200,False,True,0.9511101304657719,0.07767491700360551
12,20250321,-200.0,200,False,True,0.946354579813443,0.0933520839898847
13,20250322,-200.0,200,False,True,0.9416228069143757,0.08215179102262482
14,20250323,-200.0,200,False,True,0.9369146928798039,0.08435941697098315
15,20250324,-200.0,200,False,True,0.9322301194154049,0.07737637497484684
16,20250325,-200.0,200,False,True,0.9275689688183278,0.0785777079872787
17,20250326,-200.0,200,False,True,0.9229311239742362,0.09073849994456396
18,20250327,-200.0,200,False,True,0.918316468354365,0.095123291015625
19,20250328,-200.0,200,False,True,0.9137248860125932,0.07979212497593835
20,20250329,-200.0,200,False,True,0.9091562615825302,0.09294229099759832
21,20250330,-200.0,200,False,True,0.9046104802746175,0.08081183297326788
22,20250331,-200.0,200,False,True,0.9000874278732445,0.08390083396807313
23,20250332,-200.0,200,False,True,0.8955869907338783,0.08248891599941999
24,20250333,-200.0,200,False,True,0.8911090557802088,0.0849037499865517
25,20250334,-200.0,200,False,True,0.8866535105013078,0.11638437502551824
26,20250335,-200.0,200,False,True,0.8822202429488013,0.09962383401580155
27,20250336,-200.0,200,False,True,0.8778091417340573,0.11111316701862961
28,20250337,-125.0,125,True,False,0.8734200960253871,0.05058649997226894
29,20250338,-200.0,200,False,True,0.8690529955452602,0.09140008297981694
30,20250339,-200.0,200,False,True,0.8647077305675338,0.07584904105169699
31,20250340,-200.0,200,False,True,0.8603841919146962,0.08754245797172189
32,20250341,-200.0,200,False,True,0.8560822709551227,0.07700895803282037
33,20250342,-200.0,200,False,True,0.851801859600347,0.07892504101619124
34,20250343,-200.0,200,False,True,0.8475428503023453,0.08082608395488933
35,20250344,-200.0,200,False,True,0.8433051360508336,0.0806890829699114
36,20250345,-200.0,200,False,True,0.8390886103705794,0.14990420802496374
37,20250346,-200.0,200,False,True,0.8348931673187264,0.17949924996355549
38,20250347,-200.0,200,False,True,0.8307187014821328,0.135697582969442
39,20250348,-200.0,200,False,True,0.8265651079747222,0.14020974998129532
40,20250349,-200.0,200,False,True,0.8224322824348486,0.10263591696275398
41,20250350,-200.0,200,False,True,0.8183201210226743,0.12878429098054767
42,20250351,-200.0,200,False,True,0.8142285204175609,0.17479916696902364
43,20250352,-200.0,200,False,True,0.810157377815473,0.17790045798756182
44,20250353,-199.0,199,True,False,0.8061065909263957,0.10316129203420132
45,20250354,-200.0,200,False,True,0.8020760579717637,0.10391129198251292
46,20250355,-200.0,200,False,True,0.798065677681905,0.0798276659916155
47,20250356,-200.0,200,False,True,0.7940753492934954,0.09446237498195842
48,20250357,-200.0,200,False,True,0.7901049725470279,0.11122533300658688
49,20250358,-200.0,200,False,True,0.7861544476842928,0.2586934170103632
50,20250359,-200.0,200,False,True,0.7822236754458713,0.1889589999918826
51,20250360,-200.0,200,False,True,0.778312557068642,0.1985113749979064
52,20250361,-200.0,200,False,True,0.7744209942832988,0.3179222919861786
53,20250362,-200.0,200,False,True,0.7705488893118823,0.16084766702260822
54,20250363,-200.0,200,False,True,0.7666961448653229,0.12190799997188151
55,20250364,-200.0,200,False,True,0.7628626641409962,0.09744529100134969
56,20250365,-200.0,200,False,True,0.7590483508202912,0.15254124999046326
57,20250366,-200.0,200,False,True,0.7552531090661897,0.4198272500070743
58,20250367,-200.0,200,False,True,0.7514768435208588,0.16401141695678234
59,20250368,-200.0,200,False,True,0.7477194593032545,0.09434283297741786
60,20250369,-200.0,200,False,True,0.7439808620067382,0.10774554096860811
61,20250370,-200.0,200,False,True,0.7402609576967045,0.16206833301112056
62,20250371,-200.0,200,False,True,0.736559652908221,0.17945045902160928
63,20250372,-200.0,200,False,True,0.7328768546436799,0.111174666963052
64,20250373,-200.0,200,False,True,0.7292124703704616,0.1470372080220841
65,20250374,-200.0,200,False,True,0.7255664080186093,0.106496500025969
66,20250375,-200.0,200,False,True,0.7219385759785162,0.10212445800425485
67,20250376,-200.0,200,False,True,0.7183288830986236,0.1377525000134483
68,20250377,-200.0,200,False,True,0.7147372386831305,0.11181183299049735
69,20250378,-200.0,200,False,True,0.7111635524897149,0.09454545797780156
70,20250379,-200.0,200,False,True,0.7076077347272662,0.10980000003473833
71,20250380,-200.0,200,False,True,0.7040696960536299,0.09145529201487079
72,20250381,-200.0,200,False,True,0.7005493475733617,0.08450658299261704
73,20250382,-200.0,200,False,True,0.697046600835495,0.08485404204111546
74,20250383,-200.0,200,False,True,0.6935613678313175,0.10014516703085974
75,20250384,-200.0,200,False,True,0.6900935609921609,0.09077433403581381
76,20250385,-191.0,191,True,False,0.6866430931872001,0.08468704199185595
77,20250386,-200.0,200,False,True,0.6832098777212641,0.09152591699967161
78,20250387,-200.0,200,False,True,0.6797938283326578,0.08805837499676272
79,20250388,-200.0,200,False,True,0.6763948591909945,0.08372420904925093
80,20250389,-200.0,200,False,True,0.6730128848950395,0.07531266700243577
81,20250390,-200.0,200,False,True,0.6696478204705644,0.07511820801300928
82,20250391,-200.0,200,False,True,0.6662995813682115,0.09843691595597193
83,20250392,-200.0,200,False,True,0.6629680834613705,0.10154062503715977
84,20250393,-200.0,200,False,True,0.6596532430440636,0.07507862499915063
85,20250394,-200.0,200,False,True,0.6563549768288433,0.07353258295916021
86,20250395,-200.0,200,False,True,0.653073201944699,0.07945154199842364
87,20250396,-200.0,200,False,True,0.6498078359349755,0.07898725004633889
88,20250397,-161.0,161,True,False,0.6465587967553006,0.06476766598643735
89,20250398,-200.0,200,False,True,0.6433260027715241,0.0821665829862468
90,20250399,-200.0,200,False,True,0.6401093727576664,0.09543516702251509
91,20250400,-200.0,200,False,True,0.6369088258938781,0.08948254201095551
92,20250401,-200.0,200,False,True,0.6337242817644086,0.07757108297664672
93,20250402,-200.0,200,False,True,0.6305556603555866,0.08491387497633696
94,20250403,-200.0,200,False,True,0.6274028820538087,0.0776115829939954
95,20250404,-178.0,178,True,False,0.6242658676435396,0.07185462501365691
96,20250405,-200.0,200,False,True,0.6211445383053219,0.07837533298879862
97,20250406,-200.0,200,False,True,0.6180388156137953,0.07898841699352488
98,20250407,-200.0,200,False,True,0.6149486215357263,0.07952420797664672
99,20250408,-200.0,200,False,True,0.6118738784280476,0.07307537499582395
100,20250409,-200.0,200,False,True,0.6088145090359074,0.07458966597914696
101,20250410,-200.0,200,False,True,0.6057704364907278,0.08003916702000424
102,20250411,-200.0,200,False,True,0.6027415843082742,0.0875160830328241
103,20250412,-200.0,200,False,True,0.5997278763867329,0.10219587502069771
104,20250413,-200.0,200,False,True,0.5967292370047992,0.17755770904477686
105,20250414,-200.0,200,False,True,0.5937455908197752,0.13521391700487584
106,20250415,-200.0,200,False,True,0.5907768628656763,0.0806077080196701
107,20250416,-200.0,200,False,True,0.5878229785513479,0.08373179199406877
108,20250417,-200.0,200,False,True,0.5848838636585911,0.08792600000742823
109,20250418,-200.0,200,False,True,0.5819594443402982,0.08453762496355921
110,20250419,-200.0,200,False,True,0.5790496471185967,0.0825758749851957
111,20250420,-200.0,200,False,True,0.5761543988830038,0.07339337497251108
112,20250421,-148.0,148,True,False,0.5732736268885887,0.0581880840472877
113,20250422,-200.0,200,False,True,0.5704072587541458,0.08288366696797311
114,20250423,-200.0,200,False,True,0.567555222460375,0.08631199999945238
115,20250424,-200.0,200,False,True,0.5647174463480732,0.1112348330207169
116,20250425,-200.0,200,False,True,0.5618938591163328,0.08196829201187938
117,20250426,-200.0,200,False,True,0.5590843898207511,0.07940679200692102
118,20250427,-200.0,200,False,True,0.5562889678716474,0.08104041701881215
119,20250428,-200.0,200,False,True,0.5535075230322891,0.08313254202948883
120,20250429,-200.0,200,False,True,0.5507399854171277,0.08088833303190768
121,20250430,-200.0,200,False,True,0.547986285490042,0.08944654098013416
122,20250431,-200.0,200,False,True,0.5452463540625918,0.07268854201538488
123,20250432,-200.0,200,False,True,0.5425201222922789,0.07534579199273139
124,20250433,-200.0,200,False,True,0.5398075216808175,0.07287450000876561
125,20250434,-200.0,200,False,True,0.5371084840724134,0.07236233301227912
126,20250435,-200.0,200,False,True,0.5344229416520513,0.0784801670233719
127,20250436,-200.0,200,False,True,0.531750826943791,0.07228958298219368
128,20250437,-200.0,200,False,True,0.5290920728090721,0.09434358397265896
129,20250438,-200.0,200,False,True,0.5264466124450268,0.09703745803562924
130,20250439,-200.0,200,False,True,0.5238143793828016,0.07677162502659485
131,20250440,-200.0,200,False,True,0.5211953074858876,0.07996291702147573
132,20250441,-200.0,200,False,True,0.5185893309484582,0.07413650001399219
133,20250442,-200.0,200,False,True,0.5159963842937159,0.0760651669697836
134,20250443,-200.0,200,False,True,0.5134164023722473,0.07615329197142273
135,20250444,-200.0,200,False,True,0.510849320360386,0.07330049999291077
136,20250445,-200.0,200,False,True,0.5082950737585841,0.09580029197968543
137,20250446,-200.0,200,False,True,0.5057535983897912,0.1262341249966994
138,20250447,-200.0,200,False,True,0.5032248303978422,0.07226183300372213
139,20250448,-200.0,200,False,True,0.500708706245853,0.07395799999358132
140,20250449,-200.0,200,False,True,0.4982051627146237,0.09115487500093877
141,20250450,-200.0,200,False,True,0.49571413690105054,0.09426470898324624
142,20250451,-200.0,200,False,True,0.4932355662165453,0.08505525003420189
143,20250452,-200.0,200,False,True,0.4907693883854626,0.07938837498659268
144,20250453,-200.0,200,False,True,0.4883155414435353,0.0714146249811165
145,20250454,-185.0,185,True,False,0.4858739637363176,0.07039829203858972
146,20250455,-200.0,200,False,True,0.483444593917636,0.0739984160172753
147,20250456,-200.0,200,False,True,0.4810273709480478,0.07319045800250024
148,20250457,-200.0,200,False,True,0.47862223409330756,0.07407466694712639
149,20250458,-200.0,200,False,True,0.47622912292284103,0.07340966700576246
150,20250459,-200.0,200,False,True,0.4738479773082268,0.07275375002063811
151,20250460,-200.0,200,False,True,0.47147873742168567,0.07302133302437142
152,20250461,-200.0,200,False,True,0.46912134373457726,0.07510399998864159
153,20250462,-200.0,200,False,True,0.46677573701590436,0.0756132920505479
154,20250463,-200.0,200,False,True,0.46444185833082485,0.2048635829705745
155,20250464,-200.0,200,False,True,0.46211964903917074,0.08961358398664743
156,20250465,-200.0,200,False,True,0.4598090507939749,0.08162920904578641
157,20250466,-200.0,200,False,True,0.457510005540005,0.07909308304078877
158,20250467,-200.0,200,False,True,0.45522245551230495,0.07988783397013322
159,20250468,-200.0,200,False,True,0.4529463432347434,0.0755155420047231
160,20250469,-200.0,200,False,True,0.4506816115185697,0.07818179199239239
161,20250470,-200.0,200,False,True,0.4484282034609769,0.07270199997583404
162,20250471,-200.0,200,False,True,0.446186062443672,0.07654241600539535
163,20250472,-200.0,200,False,True,0.4439551321314536,0.09385483298683539
164,20250473,-200.0,200,False,True,0.4417353564707963,0.09411566599737853
165,20250474,-200.0,200,False,True,0.43952667968844233,0.0792449580039829
166,20250475,-200.0,200,False,True,0.43732904629000013,0.07729258295148611
167,20250476,-200.0,200,False,True,0.4351424010585501,0.07920099998591468
168,20250477,-200.0,200,False,True,0.43296668905325736,0.08396658301353455
169,20250478,-200.0,200,False,True,0.43080185560799106,0.08592854102607816
170,20250479,-200.0,200,False,True,0.4286478463299511,0.08610854099970311
171,20250480,-200.0,200,False,True,0.42650460709830135,0.0827910840162076
172,20250481,-200.0,200,False,True,0.42437208406280985,0.10014879202935845
173,20250482,-200.0,200,False,True,0.4222502236424958,0.08060466696042567
174,20250483,-200.0,200,False,True,0.42013897252428334,0.08828295802231878
175,20250484,-200.0,200,False,True,0.4180382776616619,0.12867629196261987
176,20250485,-200.0,200,False,True,0.4159480862733536,0.1298938330146484
177,20250486,-200.0,200,False,True,0.41386834584198684,0.10415629204362631
178,20250487,-200.0,200,False,True,0.4117990041127769,0.10282320802798495
179,20250488,-200.0,200,False,True,0.40974000909221303,0.11158495798008516
180,20250489,-200.0,200,False,True,0.40769130904675194,0.09323933301493526
181,20250490,-200.0,200,False,True,0.40565285250151817,0.08821641601389274
182,20250491,-180.0,180,True,False,0.4036245882390106,0.07626350002828985
183,20250492,-200.0,200,False,True,0.4016064652978155,0.12599316699197516
184,20250493,-200.0,200,False,True,0.3995984329713264,0.09861950000049546
185,20250494,-200.0,200,False,True,0.3976004408064698,0.09117695799795911
186,20250495,-200.0,200,False,True,0.39561243860243744,0.08756600000197068
187,20250496,-200.0,200,False,True,0.3936343764094253,0.07887929101707414
188,20250497,-155.0,155,True,False,0.39166620452737816,0.06673812499502674
189,20250498,-200.0,200,False,True,0.3897078735047413,0.0890032080351375
190,20250499,-200.0,200,False,True,0.3877593341372176,0.103201582969632
191,20250500,-200.0,200,False,True,0.3858205374665315,0.10169825004413724
192,20250501,-200.0,200,False,True,0.38389143477919885,0.10332583397394046
193,20250502,-200.0,200,False,True,0.3819719776053028,0.0835584580199793
194,20250503,-200.0,200,False,True,0.3800621177172763,0.0961313329753466
195,20250504,-200.0,200,False,True,0.37816180712868996,0.10010812495602295
196,20250505,-200.0,200,False,True,0.37627099809304654,0.08491058298386633
197,20250506,-200.0,200,False,True,0.3743896431025813,0.08427674998529255
198,20250507,-200.0,200,False,True,0.37251769488706843,0.2525338340201415
199,20250508,-200.0,200,False,True,0.3706551064126331,0.22124479099875316
200,20250509,-200.0,200,False,True,0.36880183088056995,0.11722820799332112
201,20250510,-200.0,200,False,True,0.3669578217261671,0.10047183401184157
202,20250511,-200.0,200,False,True,0.36512303261753626,0.09621416695881635
203,20250512,-200.0,200,False,True,0.3632974174544486,0.09216900001047179
204,20250513,-200.0,200,False,True,0.3614809303671764,0.0986071249935776
205,20250514,-200.0,200,False,True,0.3596735257153405,0.10230099997716025
206,20250515,-200.0,200,False,True,0.3578751580867638,0.12042866594856605
207,20250516,-200.0,200,False,True,0.35608578229633,0.15583808301016688
208,20250517,-200.0,200,False,True,0.3543053533848483,0.09167016699211672
209,20250518,-200.0,200,False,True,0.35253382661792404,0.08578037499682978
210,20250519,-200.0,200,False,True,0.3507711574848344,0.08275316597428173
211,20250520,-200.0,200,False,True,0.34901730169741024,0.08400724997045472
212,20250521,-200.0,200,False,True,0.3472722151889232,0.10149233299307525
213,20250522,-200.0,200,False,True,0.3455358541129786,0.09809954196680337
214,20250523,-200.0,200,False,True,0.3438081748424137,0.0946749160066247
215,20250524,-200.0,200,False,True,0.3420891339682016,0.09220062498934567
216,20250525,-200.0,200,False,True,0.3403786882983606,0.088700333959423
217,20250526,-200.0,200,False,True,0.3386767948568688,0.10780083300778642
218,20250527,-200.0,200,False,True,0.33698341088258443,0.0978952920413576
219,20250528,-200.0,200,False,True,0.3352984938281715,0.09056224999949336
220,20250529,-200.0,200,False,True,0.33362200135903064,0.09175154200056568
221,20250530,-200.0,200,False,True,0.33195389135223546,0.10974308400182053
222,20250531,-200.0,200,False,True,0.3302941218954743,0.1106217079795897
223,20250532,-200.0,200,False,True,0.32864265128599696,0.16308158298488706
224,20250533,-200.0,200,False,True,0.326999438029567,0.13002104201586917
225,20250534,-200.0,200,False,True,0.3253644408394192,0.08810287498636171
226,20250535,-200.0,200,False,True,0.3237376186352221,0.10428233299171552
227,20250536,-200.0,200,False,True,0.322118930542046,0.10948354098945856
228,20250537,-200.0,200,False,True,0.32050833588933575,0.1471268329769373
229,20250538,-200.0,200,False,True,0.31890579420988907,0.10219945898279548
230,20250539,-200.0,200,False,True,0.3173112652388396,0.08468162501230836
231,20250540,-200.0,200,False,True,0.3157247089126454,0.08326562499860302
232,20250541,-200.0,200,False,True,0.3141460853680822,0.085931416018866
233,20250542,-200.0,200,False,True,0.3125753549412418,0.08603400003630668
234,20250543,-200.0,200,False,True,0.31101247816653554,0.08888220804510638
235,20250544,-200.0,200,False,True,0.30945741577570285,0.08557904098415747
236,20250545,-200.0,200,False,True,0.3079101286968243,0.08956199995009229
237,20250546,-200.0,200,False,True,0.3063705780533402,0.10562641598517075
238,20250547,-200.0,200,False,True,0.30483872516307353,0.08594491699477658
239,20250548,-200.0,200,False,True,0.3033145315372582,0.08490229200106114
240,20250549,-200.0,200,False,True,0.3017979588795719,0.07974520901916549
241,20250550,-200.0,200,False,True,0.30028896908517405,0.08368837495800108
242,20250551,-200.0,200,False,True,0.2987875242397482,0.08556054200744256
243,20250552,-200.0,200,False,True,0.29729358661854943,0.08857129199896008
244,20250553,-200.0,200,False,True,0.29580711868545667,0.09668820799561217
245,20250554,-200.0,200,False,True,0.2943280830920294,0.09629424999002367
246,20250555,-200.0,200,False,True,0.29285644267656924,0.1009841249906458
247,20250556,-200.0,200,False,True,0.2913921604631864,0.11062904098071158
248,20250557,-200.0,200,False,True,0.28993519966087045,0.1936105419881642
249,20250558,-200.0,200,False,True,0.2884855236625661,0.14730558299925178
250,20250559,-200.0,200,False,True,0.28704309604425327,0.09015345899388194
251,20250560,-200.0,200,False,True,0.285607880564032,0.11906316701788455
252,20250561,-200.0,200,False,True,0.28417984116121187,0.10933116596424952
253,20250562,-200.0,200,False,True,0.2827589419554058,0.08741887495853007
254,20250563,-200.0,200,False,True,0.28134514724562876,0.21535337500972673
255,20250564,-200.0,200,False,True,0.2799384215094006,0.1376822919701226
256,20250565,-200.0,200,False,True,0.27853872940185365,0.12387037498410791
257,20250566,-200.0,200,False,True,0.27714603575484437,0.2545758750056848
258,20250567,-200.0,200,False,True,0.2757603055760701,0.09816245798720047
259,20250568,-200.0,200,False,True,0.2743815040481898,0.11124462500447407
260,20250569,-200.0,200,False,True,0.2730095965279488,0.48572825000155717
261,20250570,-200.0,200,False,True,0.27164454854530906,0.1887829169863835
262,20250571,-200.0,200,False,True,0.2702863258025825,0.22757720801746473
263,20250572,-200.0,200,False,True,0.2689348941735696,0.24809900001855567
264,20250573,-200.0,200,False,True,0.26759021970270175,0.16258908301824704
265,20250574,-200.0,200,False,True,0.2662522686041882,0.19714175001718104
266,20250575,-200.0,200,False,True,0.2649210072611673,0.3290575840510428
267,20250576,-200.0,200,False,True,0.26359640222486147,0.1918593340087682
268,20250577,-200.0,200,False,True,0.26227842021373715,0.10035745799541473
269,20250578,-200.0,200,False,True,0.2609670281126685,0.0947177080088295
270,20250579,-200.0,200,False,True,0.25966219297210513,0.1313688749796711
271,20250580,-200.0,200,False,True,0.2583638820072446,0.08976283296942711
272,20250581,-200.0,200,False,True,0.2570720625972084,0.09336387499934062
273,20250582,-200.0,200,False,True,0.25578670228422234,0.08690729201771319
274,20250583,-200.0,200,False,True,0.25450776877280124,0.10355712496675551
275,20250584,-200.0,200,False,True,0.2532352299289372,0.09026849997462705
276,20250585,-200.0,200,False,True,0.2519690537792925,0.11585174995707348
277,20250586,-200.0,200,False,True,0.2507092085103961,0.10264508402906358
278,20250587,-200.0,200,False,True,0.2494556624678441,0.0900656669982709
279,20250588,-176.0,176,True,False,0.24820838415550486,0.07708016701508313
280,20250589,-200.0,200,False,True,0.24696734223472733,0.0916926659992896
281,20250590,-200.0,200,False,True,0.2457325055235537,0.08723754197126254
282,20250591,-200.0,200,False,True,0.24450384299593592,0.08598020899808034
283,20250592,-200.0,200,False,True,0.24328132378095624,0.08563708397559822
284,20250593,-200.0,200,False,True,0.24206491716205145,0.15555525000672787
285,20250594,-200.0,200,False,True,0.2408545925762412,0.11181770905386657
286,20250595,-200.0,200,False,True,0.23965031961336,0.09734687500167638
287,20250596,-200.0,200,False,True,0.2384520680152932,0.0922137500019744
288,20250597,-200.0,200,False,True,0.23725980767521673,0.09037420904496685
289,20250598,-200.0,200,False,True,0.23607350863684065,0.08817404101137072
290,20250599,-200.0,200,False,True,0.23489314109365644,0.09390175004955381
291,20250600,-169.0,169,True,False,0.23371867538818816,0.08355074998689815
292,20250601,-200.0,200,False,True,0.23255008201124722,0.10571491700829938
293,20250602,-162.0,162,True,False,0.231387331601191,0.08005445799790323
294,20250603,-200.0,200,False,True,0.23023039494318503,0.08753920800518245
295,20250604,-200.0,200,False,True,0.2290792429684691,0.10010504099773243
296,20250605,-200.0,200,False,True,0.22793384675362674,0.10277941700769588
297,20250606,-200.0,200,False,True,0.22679417751985861,0.12699687498388812
298,20250607,-200.0,200,False,True,0.22566020663225933,0.22468479099916294
299,20250608,-200.0,200,False,True,0.22453190559909803,0.0900115420226939
300,20250609,-200.0,200,False,True,0.22340924607110255,0.087409291008953
301,20250610,-200.0,200,False,True,0.22229219984074702,0.10180287499679253
302,20250611,-200.0,200,False,True,0.2211807388415433,0.11603229196043685
303,20250612,-200.0,200,False,True,0.22007483514733558,0.09119312500115484
304,20250613,-200.0,200,False,True,0.2189744609715989,0.08882366702891886
305,20250614,-200.0,200,False,True,0.2178795886667409,0.11071412498131394
306,20250615,-200.0,200,False,True,0.2167901907234072,0.093983750033658
307,20250616,-200.0,200,False,True,0.21570623976979014,0.09296383301261812
308,20250617,-200.0,200,False,True,0.21462770857094118,0.08959049999248236
309,20250618,-200.0,200,False,True,0.21355457002808648,0.11224483395926654
310,20250619,-200.0,200,False,True,0.21248679717794605,0.11130408302415162
311,20250620,-200.0,200,False,True,0.21142436319205632,0.09394970798166469
312,20250621,-200.0,200,False,True,0.21036724137609603,0.0893861249787733
313,20250622,-200.0,200,False,True,0.20931540516921554,0.09048637503292412
314,20250623,-200.0,200,False,True,0.20826882814336947,0.09572837501764297
315,20250624,-135.0,135,True,False,0.20722748400265262,0.05959950003307313
316,20250625,-200.0,200,False,True,0.20619134658263935,0.09139908297220245
317,20250626,-200.0,200,False,True,0.20516038984972615,0.0898663749685511
318,20250627,-200.0,200,False,True,0.2041345879004775,0.09742850001202896
319,20250628,-200.0,200,False,True,0.2031139149609751,0.10050070803845301
320,20250629,-200.0,200,False,True,0.20209834538617025,0.0894195000291802
321,20250630,-200.0,200,False,True,0.2010878536592394,0.09255637502064928
322,20250631,-200.0,200,False,True,0.2000824143909432,0.09011558297788724
323,20250632,-200.0,200,False,True,0.19908200231898848,0.09533275000285357
324,20250633,-200.0,200,False,True,0.19808659230739353,0.09187441697577015
325,20250634,-200.0,200,False,True,0.19709615934585656,0.09441870800219476
326,20250635,-200.0,200,False,True,0.19611067854912728,0.10152383398963138
327,20250636,-200.0,200,False,True,0.19513012515638165,0.13667924999026582
328,20250637,-200.0,200,False,True,0.19415447453059972,0.13897454098332673
329,20250638,-184.0,184,True,False,0.19318370215794672,0.09149695798987523
330,20250639,-200.0,200,False,True,0.192217783647157,0.18007512501208112
331,20250640,-200.0,200,False,True,0.1912566947289212,0.31045724998693913
332,20250641,-200.0,200,False,True,0.1903004112552766,0.18098754197126254
333,20250642,-200.0,200,False,True,0.18934890919900021,0.105141417006962
334,20250643,-200.0,200,False,True,0.18840216465300522,0.09066170896403491
335,20250644,-200.0,200,False,True,0.18746015382974018,0.09737308300100267
336,20250645,-200.0,200,False,True,0.1865228530605915,0.09917699999641627
337,20250646,-200.0,200,False,True,0.18559023879528855,0.09586929198121652
338,20250647,-200.0,200,False,True,0.1846622876013121,0.09660570794949308
339,20250648,-200.0,200,False,True,0.18373897616330553,0.1250009579816833
340,20250649,-200.0,200,False,True,0.182820281282489,0.10028087499085814
341,20250650,-200.0,200,False,True,0.18190617987607657,0.095467709004879
342,20250651,-200.0,200,False,True,0.18099664897669618,0.09347349999006838
343,20250652,-169.0,169,True,False,0.1800916657318127,0.08036908303620294
344,20250653,-200.0,200,False,True,0.17919120740315364,0.09767883399035782
345,20250654,-200.0,200,False,True,0.17829525136613786,0.10054650000529364
346,20250655,-200.0,200,False,True,0.17740377510930716,0.10710683302022517
347,20250656,-200.0,200,False,True,0.17651675623376062,0.10459395899670199
348,20250657,-200.0,200,False,True,0.1756341724525918,0.10340645804535598
349,20250658,-200.0,200,False,True,0.17475600159032884,0.10113079100847244
350,20250659,-200.0,200,False,True,0.17388222158237718,0.11956695903791115
351,20250660,-200.0,200,False,True,0.1730128104744653,0.09226862504146993
352,20250661,-200.0,200,False,True,0.17214774642209296,0.15807812503771856
353,20250662,-200.0,200,False,True,0.1712870076899825,0.11586708296090364
354,20250663,-200.0,200,False,True,0.17043057265153258,0.13642454199725762
355,20250664,-200.0,200,False,True,0.16957841978827493,0.10048054199432954
356,20250665,-200.0,200,False,True,0.16873052768933355,0.14693850005278364
357,20250666,-200.0,200,False,True,0.1678868750508869,0.09662612504325807
358,20250667,-200.0,200,False,True,0.16704744067563246,0.09475212497636676
359,20250668,-200.0,200,False,True,0.1662122034722543,0.09773641702486202
360,20250669,-200.0,200,False,True,0.16538114245489302,0.1315174579503946
361,20250670,-200.0,200,False,True,0.16455423674261854,0.09739116701530293
362,20250671,-200.0,200,False,True,0.16373146555890544,0.10066674998961389
363,20250672,-200.0,200,False,True,0.16291280823111093,0.10144316701916978
364,20250673,-200.0,200,False,True,0.16209824418995536,0.08881645801011473
365,20250674,-200.0,200,False,True,0.16128775296900558,0.08716391597408801
366,20250675,-200.0,200,False,True,0.16048131420416054,0.08907804195769131
367,20250676,-180.0,180,True,False,0.15967890763313974,0.07997583301039413
368,20250677,-157.0,157,True,False,0.15888051309497406,0.07335374999092892
369,20250678,-200.0,200,False,True,0.1580861105294992,0.09719379100715742
370,20250679,-200.0,200,False,True,0.1572956799768517,0.0923295840038918
371,20250680,-200.0,200,False,True,0.15650920157696743,0.09050587500678375
372,20250681,-200.0,200,False,True,0.1557266555690826,0.12140254100086167
373,20250682,-200.0,200,False,True,0.1549480222912372,0.09987725003156811
374,20250683,-200.0,200,False,True,0.15417328217978102,0.1046943329856731
375,20250684,-200.0,200,False,True,0.1534024157688821,0.09211908298311755
376,20250685,-166.0,166,True,False,0.1526354036900377,0.07526679197326303
377,20250686,-200.0,200,False,True,0.1518722266715875,0.09078304102877155
378,20250687,-200.0,200,False,True,0.15111286553822956,0.092403499991633
379,20250688,-200.0,200,False,True,0.15035730121053842,0.09125054196920246
380,20250689,-200.0,200,False,True,0.14960551470448571,0.09031283302465454
381,20250690,-200.0,200,False,True,0.14885748713096328,0.09091991698369384
382,20250691,-200.0,200,False,True,0.14811319969530845,0.2057759590097703
383,20250692,-200.0,200,False,True,0.1473726336968319,0.09905333298956975
384,20250693,-200.0,200,False,True,0.14663577052834775,0.12860583304427564
385,20250694,-200.0,200,False,True,0.14590259167570602,0.20897420798428357
386,20250695,-200.0,200,False,True,0.1451730787173275,0.11584495799615979
387,20250696,-200.0,200,False,True,0.14444721332374086,0.19339770794613287
388,20250697,-200.0,200,False,True,0.14372497725712216,0.17263412504689768
389,20250698,-200.0,200,False,True,0.14300635237083656,0.19202433398459107
390,20250699,-200.0,200,False,True,0.14229132060898236,0.2355571249499917
391,20250700,-200.0,200,False,True,0.14157986400593744,0.14536324999062344
392,20250701,-200.0,200,False,True,0.14087196468590776,0.14618895802414045
393,20250702,-200.0,200,False,True,0.14016760486247823,0.10828475002199411
394,20250703,-200.0,200,False,True,0.13946676683816583,0.17389133397955447
395,20250704,-200.0,200,False,True,0.138769433003975,0.11770491697825491
396,20250705,-199.0,199,True,False,0.13807558583895513,0.10483283299254254
397,20250706,-200.0,200,False,True,0.13738520790976036,0.15278404200216755
398,20250707,-200.0,200,False,True,0.13669828187021155,0.19896854198304936
399,20250708,-200.0,200,False,True,0.13601479046086049,0.12385383399669081
400,20250709,-200.0,200,False,True,0.1353347165085562,0.12569274997804314
401,20250710,-200.0,200,False,True,0.1346580429260134,0.10949199995957315
402,20250711,-200.0,200,False,True,0.13398475271138335,0.1128971659927629
403,20250712,-200.0,200,False,True,0.13331482894782642,0.10904712497722358
404,20250713,-200.0,200,False,True,0.13264825480308728,0.1318715420202352
405,20250714,-200.0,200,False,True,0.13198501352907185,0.1428054169518873
406,20250715,-200.0,200,False,True,0.1313250884614265,0.11898541694972664
407,20250716,-200.0,200,False,True,0.13066846301911936,0.21481375000439584
408,20250717,-200.0,200,False,True,0.13001512070402377,0.11114145896863192
409,20250718,-200.0,200,False,True,0.12936504510050365,0.09901187499053776
410,20250719,-200.0,200,False,True,0.12871821987500112,0.11426687496714294
411,20250720,-200.0,200,False,True,0.12807462877562611,0.10890945896971971
412,20250721,-200.0,200,False,True,0.12743425563174798,0.1052637500106357
413,20250722,-200.0,200,False,True,0.12679708435358925,0.10375116701470688
414,20250723,-200.0,200,False,True,0.1261630989318213,0.09646379202604294
415,20250724,-200.0,200,False,True,0.1255322834371622,0.09392133401706815
416,20250725,-200.0,200,False,True,0.12490462201997637,0.09380695800064132
417,20250726,-200.0,200,False,True,0.1242800989098765,0.1004877089872025
418,20250727,-200.0,200,False,True,0.12365869841532712,0.10250037501100451
419,20250728,-200.0,200,False,True,0.12304040492325048,0.1293739170068875
420,20250729,-200.0,200,False,True,0.12242520289863423,0.09828241699142382
421,20250730,-197.0,197,True,False,0.12181307688414106,0.09618216700619087
422,20250731,-200.0,200,False,True,0.12120401149972035,0.10598433401901275
423,20250732,-200.0,200,False,True,0.12059799144222175,0.09531237499322742
424,20250733,-200.0,200,False,True,0.11999500148501063,0.12194887502118945
425,20250734,-181.0,181,True,False,0.11939502647758558,0.08582724997540936
426,20250735,-200.0,200,False,True,0.11879805134519765,0.09369150002021343
427,20250736,-200.0,200,False,True,0.11820406108847166,0.11793429200770333
428,20250737,-200.0,200,False,True,0.1176130407830293,0.10252291598590091
429,20250738,-200.0,200,False,True,0.11702497557911415,0.10882200003834441
430,20250739,-145.0,145,True,False,0.11643985070121858,0.07084741600556299
431,20250740,-200.0,200,False,True,0.11585765144771248,0.09461608302081004
432,20250741,-200.0,200,False,True,0.11527836319047392,0.0972712499788031
433,20250742,-200.0,200,False,True,0.11470197137452155,0.096381458977703
434,20250743,-200.0,200,False,True,0.11412846151764894,0.10743562504649162
435,20250744,-180.0,180,True,False,0.1135578192100607,0.18918470799690112
436,20250745,-200.0,200,False,True,0.11299003011401039,0.11748154100496322
437,20250746,-134.0,134,True,False,0.11242507996344034,0.12342666700715199
438,20250747,-200.0,200,False,True,0.11186295456362313,0.144382833968848
439,20250748,-200.0,200,False,True,0.11130363979080501,0.11336895899148658
440,20250749,-200.0,200,False,True,0.11074712159185099,0.12503400002606213
441,20250750,-200.0,200,False,True,0.11019338598389174,0.11593170801643282
442,20250751,-200.0,200,False,True,0.10964241905397228,0.1245386250084266
443,20250752,-200.0,200,False,True,0.10909420695870241,0.2587987080332823
444,20250753,-200.0,200,False,True,0.1085487359239089,0.0983534170081839
445,20250754,-200.0,200,False,True,0.10800599224428936,0.09894520801026374
446,20250755,-200.0,200,False,True,0.10746596228306791,0.17922941700089723
447,20250756,-184.0,184,True,False,0.10692863247165257,0.09471095801563933
448,20250757,-200.0,200,False,True,0.1063939893092943,0.09988799999700859
449,20250758,-200.0,200,False,True,0.10586201936274783,0.10084174998337403
450,20250759,-200.0,200,False,True,0.10533270926593409,0.10551725002005696
451,20250760,-200.0,200,False,True,0.10480604571960442,0.10584375000325963
452,20250761,-200.0,200,False,True,0.1042820154910064,0.1048585829557851
453,20250762,-200.0,200,False,True,0.10376060541355137,0.2049183749477379
454,20250763,-200.0,200,False,True,0.1032418023864836,0.1135015839827247
455,20250764,-200.0,200,False,True,0.10272559337455119,0.20324829197488725
456,20250765,-200.0,200,False,True,0.10221196540767843,0.11149833397939801
457,20250766,-200.0,200,False,True,0.10170090558064004,0.10172845801571384
458,20250767,-200.0,200,False,True,0.10119240105273684,0.10073470894712955
459,20250768,-200.0,200,False,True,0.10068643904747315,0.11814845795743167
460,20250769,-200.0,200,False,True,0.10018300685223579,0.12404545902973041
461,20250770,-200.0,200,False,True,0.0996820918179746,0.10940170794492587
462,20250771,-200.0,200,False,True,0.09918368135888474,0.10535504203289747
463,20250772,-173.0,173,True,False,0.09868776295209031,0.10032758297165856
464,20250773,-200.0,200,False,True,0.09819432413732986,0.10021170799154788
465,20250774,-200.0,200,False,True,0.09770335251664321,0.10259458399377763
466,20250775,-200.0,200,False,True,0.09721483575406,0.10516979201929644
467,20250776,-200.0,200,False,True,0.09672876157528969,0.1168102910160087
468,20250777,-200.0,200,False,True,0.09624511776741324,0.10816295898985118
469,20250778,-200.0,200,False,True,0.09576389217857617,0.1005074999993667
470,20250779,-200.0,200,False,True,0.09528507271768329,0.10087562503758818
471,20250780,-200.0,200,False,True,0.09480864735409487,0.10032991698244587
472,20250781,-200.0,200,False,True,0.0943346041173244,0.11651524994522333
473,20250782,-176.0,176,True,False,0.09386293109673778,0.1248206669697538
474,20250783,-200.0,200,False,True,0.09339361644125409,0.138195583014749
475,20250784,-200.0,200,False,True,0.09292664835904782,0.1446888329810463
476,20250785,-200.0,200,False,True,0.09246201511725258,0.12619249999988824
477,20250786,-200.0,200,False,True,0.09199970504166631,0.12706075003370643
478,20250787,-200.0,200,False,True,0.09153970651645797,0.19632983300834894
479,20250788,-200.0,200,False,True,0.09108200798387568,0.21589891699841246
480,20250789,-200.0,200,False,True,0.0906265979439563,0.13932912499876693
481,20250790,-200.0,200,False,True,0.09017346495423652,0.12876345799304545
482,20250791,-200.0,200,False,True,0.08972259762946533,0.10901237500365824
483,20250792,-200.0,200,False,True,0.089273984641318,0.1083316250005737
484,20250793,-200.0,200,False,True,0.0888276147181114,0.10675145802088082
485,20250794,-200.0,200,False,True,0.08838347664452084,0.11437991698039696
486,20250795,-200.0,200,False,True,0.08794155926129824,0.12637966696638614
487,20250796,-200.0,200,False,True,0.08750185146499175,0.10789874999318272
488,20250797,-200.0,200,True,True,0.08706434220766679,0.10547325003426522
489,20250798,-200.0,200,False,True,0.08662902049662846,0.10210945800645277
490,20250799,-200.0,200,False,True,0.08619587539414532,0.10195579199353233
491,20250800,-200.0,200,False,True,0.08576489601717459,0.10053812497062609
492,20250801,-200.0,200,False,True,0.08533607153708872,0.10712441598298028
493,20250802,-200.0,200,False,True,0.08490939117940327,0.12075770797673613
494,20250803,-200.0,200,False,True,0.08448484422350626,0.11902041599387303
495,20250804,-200.0,200,False,True,0.08406242000238873,0.11435254197567701
496,20250805,-200.0,200,False,True,0.08364210790237678,0.12521579203894362
497,20250806,-200.0,200,False,True,0.0832238973628649,0.12159570900257677
498,20250807,-200.0,200,False,True,0.08280777787605056,0.15597458300180733
499,20250808,-200.0,200,False,True,0.08239373898667031,0.2123712920001708
500,20250809,-166.0,166,True,False,0.08198177029173696,0.11088683299021795
501,20250810,-200.0,200,False,True,0.08157186144027828,0.18531916703796014
502,20250811,-200.0,200,False,True,0.0811640021330769,0.11973612499423325
503,20250812,-200.0,200,False,True,0.08075818212241151,0.1263306670007296
504,20250813,-200.0,200,False,True,0.08035439121179945,0.13069837499642745
505,20250814,-188.0,188,True,False,0.07995261925574046,0.11407908302498981
506,20250815,-200.0,200,False,True,0.07955285615946175,0.11776612501125783
507,20250816,-200.0,200,False,True,0.07915509187866444,0.11080450000008568
508,20250817,-200.0,200,False,True,0.07875931641927113,0.1254000419867225
509,20250818,-200.0,200,False,True,0.07836551983717477,0.11788895801873878
510,20250819,-190.0,190,True,False,0.07797369223798889,0.14052850002190098
511,20250820,-200.0,200,False,True,0.07758382377679894,0.12538516597123817
512,20250821,-200.0,200,False,True,0.07719590465791494,0.10406258300645277
513,20250822,-200.0,200,False,True,0.07680992513462537,0.13888799998676404
514,20250823,-200.0,200,False,True,0.07642587550895225,0.15392570797121152
515,20250824,-200.0,200,False,True,0.07604374613140748,0.1600965409888886
516,20250825,-200.0,200,False,True,0.07566352740075044,0.10333429201273248
517,20250826,-200.0,200,True,True,0.07528520976374668,0.14765258296392858
518,20250827,-200.0,200,False,True,0.07490878371492794,0.10864049999509007
519,20250828,-200.0,200,False,True,0.0745342397963533,0.10183195798890665
520,20250829,-200.0,200,False,True,0.07416156859737154,0.11232070799451321
521,20250830,-200.0,200,False,True,0.07379076075438468,0.14576066698646173
522,20250831,-200.0,200,False,True,0.07342180695061275,0.111901875003241
523,20250832,-200.0,200,False,True,0.07305469791585968,0.10464087495347485
524,20250833,-200.0,200,False,True,0.07268942442628039,0.11445158295100555
525,20250834,-200.0,200,False,True,0.07232597730414898,0.1303566669812426
526,20250835,-200.0,200,False,True,0.07196434741762824,0.12220916600199416
527,20250836,-168.0,168,True,False,0.0716045256805401,0.12740458303596824
528,20250837,-200.0,200,False,True,0.0712465030521374,0.10622516699368134
529,20250838,-200.0,200,False,True,0.0708902705368767,0.10515845904592425
530,20250839,-200.0,200,False,True,0.07053581918419231,0.11353395803598687
531,20250840,-200.0,200,False,True,0.07018314008827135,0.22797383303986862
532,20250841,-200.0,200,False,True,0.06983222438783,0.13244616700103506
533,20250842,-200.0,200,False,True,0.06948306326589085,0.1102800410008058
534,20250843,-200.0,200,False,True,0.0691356479495614,0.11144462501397356
535,20250844,-200.0,200,False,True,0.06878996970981359,0.10673175001284108
536,20250845,-200.0,200,False,True,0.06844601986126451,0.1065811250009574
537,20250846,-200.0,200,False,True,0.06810378976195819,0.14234387496253476
538,20250847,-200.0,200,False,True,0.0677632708131484,0.2799939580145292
539,20250848,-200.0,200,False,True,0.06742445445908266,0.11986104201059788
540,20250849,-200.0,200,False,True,0.06708733218678724,0.1189247079892084
541,20250850,-200.0,200,False,True,0.0667518955258533,0.13243583403527737
542,20250851,-155.0,155,True,False,0.06641813604822402,0.07970970799215138
543,20250852,-200.0,200,False,True,0.0660860453679829,0.09992020798381418
544,20250853,-200.0,200,False,True,0.06575561514114299,0.11061650002375245
545,20250854,-200.0,200,False,True,0.06542683706543727,0.10997945803683251
546,20250855,-200.0,200,False,True,0.06509970288011008,0.11576808296376839
547,20250856,-200.0,200,False,True,0.06477420436570952,0.10611045901896432
548,20250857,-200.0,200,False,True,0.06445033334388098,0.10337600001366809
549,20250858,-200.0,200,False,True,0.06412808167716157,0.10215724998852238
550,20250859,-200.0,200,False,True,0.06380744126877576,0.10712687502382323
551,20250860,-200.0,200,False,True,0.06348840406243188,0.10390283295419067
552,20250861,-181.0,181,True,False,0.06317096204211972,0.11116054200101644
553,20250862,-200.0,200,False,True,0.06285510723190912,0.11930641601793468
554,20250863,-200.0,200,False,True,0.06254083169574957,0.1072829170152545
555,20250864,-200.0,200,False,True,0.062228127537270826,0.2013596670003608
556,20250865,-200.0,200,False,True,0.06191698689958447,0.1083681249874644
557,20250866,-200.0,200,False,True,0.061607401965086545,0.10431066702585667
558,20250867,-200.0,200,False,True,0.06129936495526111,0.13342550001107156
559,20250868,-200.0,200,False,True,0.0609928681304848,0.11400570801924914
560,20250869,-200.0,200,False,True,0.060687903789832374,0.11019620799925178
561,20250870,-200.0,200,False,True,0.06038446427088321,0.10948187502799556
562,20250871,-200.0,200,False,True,0.06008254194952879,0.12207808397943154
563,20250872,-200.0,200,False,True,0.05978212923978115,0.1062199579901062
564,20250873,-200.0,200,False,True,0.05948321859358224,0.14068508299533278
565,20250874,-200.0,200,False,True,0.05918580250061433,0.12086508300853893
566,20250875,-174.0,174,True,False,0.058889873488111255,0.11706183396745473
567,20250876,-200.0,200,False,True,0.058595424120670696,0.11489745898870751
568,20250877,-200.0,200,False,True,0.05830244700006734,0.1229699999676086
569,20250878,-200.0,200,False,True,0.058010934765067,0.15271658397978172
570,20250879,-200.0,200,False,True,0.05772088009124167,0.11717408301774412
571,20250880,-200.0,200,False,True,0.05743227569078546,0.10857729200506583
572,20250881,-200.0,200,False,True,0.05714511431233153,0.1496337500284426
573,20250882,-200.0,200,False,True,0.05685938874076987,0.12348979205125943
574,20250883,-200.0,200,False,True,0.056575091797066025,0.1159192500053905
575,20250884,-200.0,200,False,True,0.056292216338080694,0.1307380420039408
576,20250885,-200.0,200,False,True,0.05601075525639029,0.11542987497523427
577,20250886,-200.0,200,False,True,0.05573070148010834,0.12424041598569602
578,20250887,-200.0,200,False,True,0.0554520479727078,0.122344792005606
579,20250888,-200.0,200,False,True,0.05517478773284426,0.13248933403519914
580,20250889,-200.0,200,False,True,0.05489891379418004,0.10684008296811953
581,20250890,-200.0,200,False,True,0.05462441922520914,0.13444820803124458
582,20250891,-200.0,200,False,True,0.0543512971290831,0.13862558297114447
583,20250892,-200.0,200,False,True,0.05407954064343768,0.19380145898321643
584,20250893,-200.0,200,False,True,0.05380914294022049,0.12996137503068894
585,20250894,-200.0,200,False,True,0.05354009722551939,0.11206108296755701
586,20250895,-200.0,200,False,True,0.05327239673939179,0.10249420901527628
587,20250896,-200.0,200,False,True,0.053006034755694834,0.12301341601414606
588,20250897,-200.0,200,False,True,0.052741004581916356,0.11245775001589209
589,20250898,-182.0,182,True,False,0.052477299559006776,0.09565874998224899
590,20250899,-200.0,200,False,True,0.052214913061211746,0.11910658300621435
591,20250900,-200.0,200,False,True,0.05195383849590569,0.11314274999313056
592,20250901,-200.0,200,False,True,0.05169406930342616,0.10255491599673405
593,20250902,-200.0,200,False,True,0.05143559895690903,0.1011427499470301
594,20250903,-200.0,200,False,True,0.051178420962124486,0.099273458996322
595,20250904,-200.0,200,False,True,0.05092252885731386,0.10749729099916294
596,20250905,-200.0,200,False,True,0.05066791621302729,0.10824083402985707
597,20250906,-200.0,200,False,True,0.05041457663196215,0.11164837499381974
598,20250907,-200.0,200,False,True,0.050162503748802344,0.14104104199213907
599,20250908,-200.0,200,False,True,0.049911691230058335,0.12435308302519843
600,20250909,-200.0,200,False,True,0.04966213277390804,0.1082790830405429
601,20250910,-200.0,200,False,True,0.0494138221100385,0.1042844170005992
602,20250911,-200.0,200,False,True,0.04916675299948831,0.10735104198101908
603,20250912,-200.0,200,False,True,0.04892091923449087,0.11938787496183068
604,20250913,-200.0,200,False,True,0.04867631463831842,0.11006366700166836
605,20250914,-195.0,195,True,False,0.048432933065126825,0.09573120897402987
606,20250915,-200.0,200,False,True,0.048190768399801194,0.10183900000993162
607,20250916,-200.0,200,False,True,0.04794981455780219,0.09938366699498147
608,20250917,-200.0,200,False,True,0.04771006548501318,0.09852533403318375
609,20250918,-200.0,200,False,True,0.047471515157588115,0.09974883403629065
610,20250919,-200.0,200,False,True,0.047234157581800176,0.16853970900410786
611,20250920,-182.0,182,True,False,0.046997986793891174,0.1133896250394173
612,20250921,-200.0,200,False,True,0.04676299685992172,0.09995537501526996
613,20250922,-200.0,200,False,True,0.04652918187562211,0.09955912496661767
614,20250923,-160.0,160,True,False,0.046296535966244,0.07931379199726507
615,20250924,-200.0,200,False,True,0.046065053286412784,0.0984379579895176
616,20250925,-200.0,200,False,True,0.04583472801998072,0.10078558302484453
617,20250926,-200.0,200,False,True,0.045605554379880814,0.10261216701474041
618,20250927,-200.0,200,False,True,0.04537752660798141,0.10605558298993856
619,20250928,-200.0,200,False,True,0.0451506389749415,0.10510087496368214
620,20250929,-200.0,200,False,True,0.044924885780066794,0.12420445802854374
621,20250930,-200.0,200,False,True,0.04470026135116646,0.10124745802022517
622,20250931,-200.0,200,False,True,0.04447676004441063,0.1033514579758048
623,20250932,-200.0,200,False,True,0.04425437624418858,0.10663645894965157
624,20250933,-200.0,200,False,True,0.04403310436296763,0.09889800002565607
625,20250934,-200.0,200,False,True,0.043812938841152796,0.11316850001458079
626,20250935,-200.0,200,False,True,0.04359387414694703,0.09989020798821002
627,20250936,-200.0,200,False,True,0.043375904776212296,0.09803191700484604
628,20250937,-200.0,200,False,True,0.043159025252331236,0.10003083304036409
629,20250938,-200.0,200,False,True,0.04294323012606958,0.1016335419844836
630,20250939,-200.0,200,False,True,0.04272851397543923,0.09780708298785612
631,20250940,-200.0,200,False,True,0.04251487140556204,0.10143812501337379
632,20250941,-200.0,200,False,True,0.04230229704853423,0.10215183300897479
633,20250942,-200.0,200,False,True,0.04209078556329156,0.11118341598194093
634,20250943,-169.0,169,True,False,0.0418803316354751,0.08442629198543727
635,20250944,-200.0,200,False,True,0.041670929977297724,0.09718204196542501
636,20250945,-200.0,200,False,True,0.04146257532741124,0.09873499994864687
637,20250946,-200.0,200,False,True,0.04125526245077418,0.09961562498938292
638,20250947,-200.0,200,False,True,0.04104898613852031,0.09784624999156222
639,20250948,-200.0,200,False,True,0.04084374120782771,0.09886562498286366
640,20250949,-200.0,200,False,True,0.04063952250178857,0.10309733299072832
641,20250950,-200.0,200,False,True,0.04043632488927963,0.10274845903040841
642,20250951,-200.0,200,False,True,0.04023414326483323,0.09809041704284027
643,20250952,-189.0,189,True,False,0.040032972548509065,0.10167599999113008
644,20250953,-194.0,194,True,False,0.03983280768576652,0.10307820799062029
645,20250954,-200.0,200,False,True,0.03963364364733769,0.10001024999655783
646,20250955,-200.0,200,False,True,0.039435475429100995,0.10352699999930337
647,20250956,-200.0,200,False,True,0.03923829805195549,0.1354804169968702
648,20250957,-200.0,200,False,True,0.03904210656169572,0.10718654101947322
649,20250958,-200.0,200,False,True,0.03884689602888724,0.09999554103706032
650,20250959,-200.0,200,False,True,0.0386526615487428,0.10106837499188259
651,20250960,-200.0,200,False,True,0.03845939824099909,0.10651679098373279
652,20250961,-200.0,200,False,True,0.03826710124979409,0.10156833403743804
653,20250962,-200.0,200,False,True,0.038075765743545126,0.1023112089606002
654,20250963,-200.0,200,False,True,0.0378853869148274,0.09777579200454056
655,20250964,-200.0,200,False,True,0.03769595998025326,0.10925799998221919
656,20250965,-200.0,200,False,True,0.03750748018035199,0.10392104199854657
657,20250966,-200.0,200,False,True,0.037319942779450235,0.09985608397983015
658,20250967,-200.0,200,False,True,0.037133343065552986,0.10449087503366172
659,20250968,-200.0,200,False,True,0.03694767635022522,0.10151233396027237
660,20250969,-200.0,200,False,True,0.036762937968474095,0.09981941699516028
661,20250970,-184.0,184,True,False,0.03657912327863173,0.09316566702909768
662,20250971,-200.0,200,False,True,0.036396227662238566,0.10272041597636417
663,20250972,-200.0,200,False,True,0.03621424652392737,0.10203825001372024
664,20250973,-200.0,200,False,True,0.036033175291307735,0.0995712080039084
665,20250974,-200.0,200,False,True,0.03585300941485119,0.10238916700473055
666,20250975,-200.0,200,False,True,0.035673744367776934,0.09968866704730317
667,20250976,-200.0,200,False,True,0.03549537564593805,0.10297750000609085
668,20250977,-200.0,200,False,True,0.035317898767708356,0.10482045903336257
669,20250978,-161.0,161,True,False,0.03514130927386981,0.08540683396859095
670,20250979,-182.0,182,True,False,0.03496560272750046,0.0889919160399586
671,20250980,-200.0,200,False,True,0.03479077471386296,0.09746812499361113
672,20250981,-200.0,200,False,True,0.03461682084029365,0.09995066601550207
673,20250982,-200.0,200,False,True,0.034443736736092176,0.09806566603947431
674,20250983,-200.0,200,False,True,0.034271518052411715,0.10875512502389029
675,20250984,-200.0,200,False,True,0.034100160462149656,0.1369051249930635
676,20250985,-200.0,200,False,True,0.03392965965983891,0.0978975830366835
677,20250986,-200.0,200,False,True,0.033760011361539714,0.12867833400378004
678,20250987,-118.0,118,True,False,0.03359121130473201,0.05770374997518957
679,20250988,-200.0,200,False,True,0.033423255248208356,0.0992338330252096
680,20250989,-200.0,200,False,True,0.03325613897196732,0.1001377499778755
681,20250990,-200.0,200,False,True,0.03308985827710748,0.0975312499795109
682,20250991,-200.0,200,False,True,0.032924408985721944,0.09580737503711134
683,20250992,-146.0,146,True,False,0.03275978694079333,0.07134700001915917
684,20250993,-200.0,200,False,True,0.032595988006089364,0.09844662499381229
685,20250994,-200.0,200,False,True,0.032433008066058915,0.11083787499228492
686,20250995,-184.0,184,True,False,0.03227084302572862,0.09116895799525082
687,20250996,-200.0,200,False,True,0.032109488810599975,0.09994712501065806
688,20250997,-127.0,127,True,False,0.031948941366546975,0.06272495799930766
689,20250998,-189.0,189,True,False,0.03178919665971424,0.09306008304702118
690,20250999,-200.0,200,False,True,0.03163025067641567,0.09676658397074789
691,20251000,-200.0,200,False,True,0.03147209942303359,0.09652870800346136
692,20251001,-200.0,200,False,True,0.03131473892591842,0.10564758302643895
693,20251002,-200.0,200,False,True,0.031158165231288826,0.10224316699896008
694,20251003,-200.0,200,False,True,0.03100237440513238,0.11785062501439825
695,20251004,-200.0,200,False,True,0.030847362533106718,0.0988107500015758
696,20251005,-119.0,119,True,False,0.030693125720441184,0.05722012498881668
697,20251006,-200.0,200,False,True,0.030539660091838977,0.14010537503054366
698,20251007,-200.0,200,False,True,0.03038696179137978,0.10892724996665493
699,20251008,-200.0,200,False,True,0.030235026982422884,0.10105200001271442
700,20251009,-200.0,200,False,True,0.030083851847510768,0.10068195796338841
701,20251010,-200.0,200,False,True,0.029933432588273214,0.09768079099012539
702,20251011,-193.0,193,True,False,0.029783765425331846,0.09662520798156038
703,20251012,-200.0,200,False,True,0.029634846598205186,0.09827000001678243
704,20251013,-200.0,200,False,True,0.02948667236521416,0.09979524998925626
705,20251014,-200.0,200,False,True,0.029339239003388088,0.12200041598407552
706,20251015,-151.0,151,True,False,0.029192542808371146,0.07617250003386289
707,20251016,-200.0,200,False,True,0.02904658009432929,0.10010820796014741
708,20251017,-200.0,200,False,True,0.028901347193857643,0.10953441698802635
709,20251018,-200.0,200,False,True,0.028756840457888354,0.10249891696730629
710,20251019,-200.0,200,False,True,0.02861305625559891,0.10016966698458418
711,20251020,-200.0,200,False,True,0.028469990974320916,0.09854429197730497
712,20251021,-200.0,200,False,True,0.02832764101944931,0.10160708398325369
713,20251022,-173.0,173,True,False,0.028186002814352063,0.08961033402010798
714,20251023,-200.0,200,False,True,0.0280450728002803,0.09939620801014826
715,20251024,-200.0,200,False,True,0.0279048474362789,0.10266104195034131
716,20251025,-200.0,200,False,True,0.027765323199097504,0.10509308299515396
717,20251026,-200.0,200,False,True,0.027626496583102015,0.10068962501827627
718,20251027,-200.0,200,False,True,0.027488364100186506,0.0990362080046907
719,20251028,-185.0,185,True,False,0.027350922279685573,0.09033970802556723
720,20251029,-200.0,200,False,True,0.027214167668287145,0.09917012497317046
721,20251030,-200.0,200,False,True,0.02707809682994571,0.09912670799531043
722,20251031,-190.0,190,True,False,0.02694270634579598,0.09214224998140708
723,20251032,-172.0,172,True,False,0.026807992814067,0.08545545901870355
724,20251033,-200.0,200,False,True,0.026673952849996664,0.10278587497305125
725,20251034,-200.0,200,False,True,0.02654058308574668,0.1000094169867225
726,20251035,-200.0,200,False,True,0.026407880170317945,0.09986091597238556
727,20251036,-200.0,200,True,True,0.026275840769466357,0.09967158403014764
728,20251037,-151.0,151,True,False,0.026144461565619025,0.07538083399413154
729,20251038,-172.0,172,True,False,0.02601373925779093,0.08546720800222829
730,20251039,-200.0,200,False,True,0.025883670561501974,0.10106687498046085
731,20251040,-200.0,200,False,True,0.025754252208694463,0.1005071250256151
732,20251041,-169.0,169,True,False,0.02562548094765099,0.09246062499005347
733,20251042,-200.0,200,False,True,0.025497353542912736,0.11373787501361221
734,20251043,-112.0,112,True,False,0.02536986677519817,0.05525479099014774
735,20251044,-169.0,169,True,False,0.02524301744132218,0.08334258396644145
736,20251045,-200.0,200,False,True,0.025116802354115567,0.09757624997291714
737,20251046,-169.0,169,True,False,0.024991218342344988,0.0964046249864623
738,20251047,-198.0,198,True,False,0.024866262250633264,0.09577354200882837
739,20251048,-150.0,150,True,False,0.024741930939380097,0.07400141697144136
740,20251049,-200.0,200,False,True,0.024618221284683196,0.10816666699247435
741,20251050,-159.0,159,True,False,0.02449513017825978,0.08392574999015778
742,20251051,-135.0,135,True,False,0.02437265452736848,0.0815546250087209
743,20251052,-183.0,183,True,False,0.024250791254731636,0.15428979200078174
744,20251053,-200.0,200,False,True,0.024129537298457977,0.09712495899293572
745,20251054,-200.0,200,False,True,0.024008889611965685,0.09720033302437514
746,20251055,-179.0,179,True,False,0.023888845163905856,0.08934766700258479
747,20251056,-200.0,200,False,True,0.023769400938086327,0.09751849999884143
748,20251057,-200.0,200,False,True,0.023650553933395897,0.16569020797032863
749,20251058,-129.0,129,True,False,0.023532301163728918,0.10116449999623
750,20251059,-170.0,170,True,False,0.023414639657910272,0.08664349996251985
751,20251060,-178.0,178,True,False,0.023297566459620722,0.15944424999179319
752,20251061,-164.0,164,True,False,0.023181078627322618,0.09523912501754239
753,20251062,-109.0,109,True,False,0.023065173234186005,0.05654016701737419
754,20251063,-200.0,200,False,True,0.022949847368015076,0.11534945899620652
755,20251064,-147.0,147,True,False,0.022835098131175,0.07409820903558284
756,20251065,-200.0,200,False,True,0.022720922640519125,0.12627808301476762
757,20251066,-180.0,180,True,False,0.02260731802731653,0.1089899159851484
758,20251067,-189.0,189,True,False,0.022494281437179946,0.09652516699861735
759,20251068,-186.0,186,True,False,0.022381810029994047,0.09218304202659056
760,20251069,-182.0,182,True,False,0.022269900979844076,0.09014012501575053
761,20251070,-200.0,200,False,True,0.022158551474944856,0.1013011250179261
762,20251071,-173.0,173,True,False,0.022047758717570132,0.08888904203195125
763,20251072,-200.0,200,False,True,0.021937519923982282,0.10263958299765363
764,20251073,-181.0,181,True,False,0.021827832324362372,0.09130208299029619
765,20251074,-171.0,171,True,False,0.02171869316274056,0.09017933398718014
766,20251075,-165.0,165,True,False,0.021610099696926857,0.08591620903462172
767,20251076,-162.0,162,True,False,0.021502049198442223,0.08369462500559166
768,20251077,-135.0,135,True,False,0.021394538952450012,0.06663333298638463
769,20251078,-200.0,200,False,True,0.02128756625768776,0.10161237500142306
770,20251079,-200.0,200,False,True,0.021181128426399323,0.09797095798421651
771,20251080,-145.0,145,True,False,0.021075222784267326,0.07231862499611452
772,20251081,-188.0,188,True,False,0.020969846670345987,0.09684920799918473
773,20251082,-200.0,200,False,True,0.020864997436994256,0.123680290998891
774,20251083,-125.0,125,True,False,0.020760672449809284,0.07288008299656212
775,20251084,-198.0,198,True,False,0.020656869087560238,0.1116979590151459
776,20251085,-200.0,200,False,True,0.020553584742122436,0.10679454100318253
777,20251086,-126.0,126,True,False,0.020450816818411825,0.06396537501132116
778,20251087,-198.0,198,True,False,0.020348562734319765,0.09728262503631413
779,20251088,-140.0,140,True,False,0.020246819920648168,0.06891045899828896
780,20251089,-163.0,163,True,False,0.020145585821044927,0.08384050003951415
781,20251090,-200.0,200,False,True,0.020044857891939702,0.09889216598821804
782,20251091,-200.0,200,False,True,0.019944633602480003,0.09879000001819804
783,20251092,-200.0,200,False,True,0.019844910434467605,0.11433795804623514
784,20251093,-166.0,166,True,False,0.019745685882295267,0.08288433298002928
785,20251094,-162.0,162,True,False,0.01964695745288379,0.08666566602187231
786,20251095,-200.0,200,False,True,0.01954872266561937,0.09900720801670104
787,20251096,-200.0,200,False,True,0.019450979052291272,0.09885008301353082
788,20251097,-139.0,139,True,False,0.019353724157029815,0.06722829199861735
789,20251098,-200.0,200,False,True,0.019256955536244666,0.09791962499730289
790,20251099,-87.0,87,True,False,0.019160670758563442,0.04337612498784438
791,20251100,-200.0,200,False,True,0.019064867404770626,0.10936791601125151
792,20251101,-172.0,172,True,False,0.018969543067746772,0.09137170796748251
793,20251102,-191.0,191,True,False,0.018874695352408037,0.09670441597700119
794,20251103,-200.0,200,False,True,0.018780321875645996,0.10096404195064679
795,20251104,-200.0,200,False,True,0.018686420266267767,0.10196445800829679
796,20251105,-178.0,178,True,False,0.018592988164936427,0.08774712501326576
797,20251106,-200.0,200,False,True,0.018500023224111744,0.09805245802272111
798,20251107,-197.0,197,True,False,0.018407523107991184,0.13018516701413319
799,20251108,-200.0,200,False,True,0.01831548549245123,0.1147558749653399
800,20251109,-155.0,155,True,False,0.018223908064988973,0.141198750003241
801,20251110,-200.0,200,False,True,0.018132788524664028,0.1092479579965584
802,20251111,-133.0,133,True,False,0.018042124582040707,0.06906929099932313
803,20251112,-186.0,186,True,False,0.017951913959130504,0.09161129198037088
804,20251113,-161.0,161,True,False,0.01786215438933485,0.0805838750093244
805,20251114,-114.0,114,True,False,0.017772843617388175,0.06022312497952953
806,20251115,-200.0,200,False,True,0.017683979399301233,0.10549279098631814
807,20251116,-180.0,180,True,False,0.017595559502304726,0.0976396250189282
808,20251117,-200.0,200,False,True,0.0175075817047932,0.10418945801211521
809,20251118,-95.0,95,True,False,0.017420043796269234,0.04664033401058987
810,20251119,-94.0,94,True,False,0.017332943577287888,0.04668558301636949
811,20251120,-154.0,154,True,False,0.01724627885940145,0.07984308298910037
812,20251121,-171.0,171,True,False,0.017160047465104442,0.09576491598272696
813,20251122,-166.0,166,True,False,0.01707424722777892,0.1308690420119092
814,20251123,-96.0,96,True,False,0.016988875991640028,0.04802933399332687
815,20251124,-92.0,92,True,False,0.016903931611681827,0.04824366595130414
816,20251125,-105.0,105,True,False,0.01681941195362342,0.05355641699861735
817,20251126,-122.0,122,True,False,0.016735314893855303,0.06884629203705117
818,20251127,-114.0,114,True,False,0.016651638319386028,0.05965349997859448
819,20251128,-146.0,146,True,False,0.0165683801277891,0.07338283298304304
820,20251129,-174.0,174,True,False,0.016485538227150154,0.08997358300257474
821,20251130,-200.0,200,False,True,0.0164031105360144,0.10410104098264128
822,20251131,-200.0,200,False,True,0.01632109498333433,0.10361474996898323
823,20251132,-200.0,200,False,True,0.016239489508417658,0.10089929203968495
824,20251133,-167.0,167,True,False,0.01615829206087557,0.08504849998280406
825,20251134,-200.0,200,False,True,0.01607750060057119,0.10418041702359915
826,20251135,-165.0,165,True,False,0.015997113097568336,0.08509670803323388
827,20251136,-107.0,107,True,False,0.015917127532080494,0.05370683298679069
828,20251137,-178.0,178,True,False,0.01583754189442009,0.08653974998742342
829,20251138,-116.0,116,True,False,0.01575835418494799,0.05812212498858571
830,20251139,-200.0,200,False,True,0.01567956241402325,0.10000320797553286
831,20251140,-162.0,162,True,False,0.015601164601953134,0.0843041249900125
832,20251141,-200.0,200,False,True,0.015523158778943369,0.09954391600331292
833,20251142,-96.0,96,True,False,0.015445542985048652,0.049750209029298276
834,20251143,-162.0,162,True,False,0.015368315270123408,0.08090075000654906
835,20251144,-200.0,200,False,True,0.01529147369377279,0.10645791701972485
836,20251145,-197.0,197,True,False,0.015215016325303928,0.10304908297257498
837,20251146,-100.0,100,True,False,0.015138941243677408,0.05307549994904548
838,20251147,-174.0,174,True,False,0.01506324653745902,0.09559533302672207
839,20251148,-142.0,142,True,False,0.014987930304771725,0.07608645898289979
840,20251149,-156.0,156,True,False,0.014912990653247866,0.07839083299040794
841,20251150,-200.0,200,False,True,0.014838425699981627,0.10030599997844547
842,20251151,-200.0,200,False,True,0.01476423357148172,0.1269026250229217
843,20251152,-142.0,142,True,False,0.014690412403624311,0.07376954203937203
844,20251153,-88.0,88,True,False,0.01461696034160619,0.04611791699426249
845,20251154,-187.0,187,True,False,0.014543875539898159,0.10820529103511944
846,20251155,-98.0,98,True,False,0.014471156162198668,0.11065470904577523
847,20251156,-150.0,150,True,False,0.014398800381387675,0.30820687499362975
848,20251157,-148.0,148,True,False,0.014326806379480736,0.07568037498276681
849,20251158,-116.0,116,True,False,0.014255172347583332,0.0595793750253506
850,20251159,-143.0,143,True,False,0.014183896485845416,0.07323616597568616
851,20251160,-181.0,181,True,False,0.014112977003416188,0.09167829196667299
852,20251161,-152.0,152,True,False,0.014042412118399107,0.07714504201430827
853,20251162,-93.0,93,True,False,0.013972200057807112,0.04878170904703438
854,20251163,-133.0,133,True,False,0.013902339057518077,0.07008737500291318
855,20251164,-90.0,90,True,False,0.013832827362230486,0.046202957979403436
856,20251165,-122.0,122,True,False,0.013763663225419333,0.06449212494771928
857,20251166,-159.0,159,True,False,0.013694844909292236,0.08071700000436977
858,20251167,-94.0,94,True,False,0.013626370684745774,0.045755457947961986
859,20251168,-166.0,166,True,False,0.013558238831322046,0.0953389999922365
860,20251169,-152.0,152,True,False,0.013490447637165436,0.08501187502406538
861,20251170,-184.0,184,True,False,0.013422995398979608,0.10119479201966897
862,20251171,-156.0,156,True,False,0.01335588042198471,0.08777766703860834
863,20251172,-86.0,86,True,False,0.013289101019874787,0.04343716602306813
864,20251173,-101.0,101,True,False,0.013222655514775413,0.049302708997856826
865,20251174,-127.0,127,True,False,0.013156542237201536,0.06363766605500132
866,20251175,-154.0,154,True,False,0.013090759526015528,0.07622291700681672
867,20251176,-159.0,159,True,False,0.01302530572838545,0.10538250004174188
868,20251177,-183.0,183,True,False,0.012960179199743523,0.08917204197496176
869,20251178,-139.0,139,True,False,0.012895378303744804,0.07018595800036564
870,20251179,-127.0,127,True,False,0.01283090141222608,0.06339245801791549
871,20251180,-159.0,159,True,False,0.012766746905164949,0.0830275000189431
872,20251181,-147.0,147,True,False,0.012702913170639124,0.07449558400548995
873,20251182,-86.0,86,True,False,0.012639398604785928,0.048144750006031245
874,20251183,-167.0,167,True,False,0.012576201611761997,0.08464020799146965
875,20251184,-160.0,160,True,False,0.012513320603703188,0.07989179098512977
876,20251185,-149.0,149,True,False,0.012450754000684672,0.07246100000338629
877,20251186,-114.0,114,True,False,0.012388500230681249,0.055986916995607316
878,20251187,-149.0,149,True,False,0.012326557729527843,0.07531991699943319
879,20251188,-154.0,154,True,False,0.012264924940880204,0.07658645795891061
880,20251189,-93.0,93,True,False,0.012203600316175803,0.04799358401214704
881,20251190,-185.0,185,True,False,0.012142582314594924,0.09017120901262388
882,20251191,-94.0,94,True,False,0.01208186940302195,0.047075165959540755
883,20251192,-122.0,122,True,False,0.01202146005600684,0.06294099998194724
884,20251193,-162.0,162,True,False,0.011961352755726806,0.08210408303420991
885,20251194,-96.0,96,True,False,0.01190154599194817,0.047955332964193076
886,20251195,-200.0,200,False,True,0.01184203826198843,0.09856516699073836
887,20251196,-200.0,200,False,True,0.011782828070678488,0.10257729096338153
888,20251197,-145.0,145,True,False,0.011723913930325095,0.07492174999788404
889,20251198,-178.0,178,True,False,0.01166529436067347,0.09039570897584781
890,20251199,-200.0,200,False,True,0.011606967888870102,0.09810541599290445
891,20251200,-147.0,147,True,False,0.01154893304942575,0.07258508302038535
892,20251201,-133.0,133,True,False,0.011491188384178622,0.0681832919945009
893,20251202,-200.0,200,False,True,0.011433732442257729,0.10216716700233519
894,20251203,-144.0,144,True,False,0.01137656378004644,0.07155320898164064
895,20251204,-182.0,182,True,False,0.011319680961146208,0.09249504195759073
896,20251205,-189.0,189,True,False,0.011263082556340478,0.15638012497220188
897,20251206,-184.0,184,True,False,0.011206767143558775,0.09333454095758498
898,20251207,-156.0,156,True,False,0.011150733307840981,0.07791795901721343
899,20251208,-200.0,200,False,True,0.011094979641301777,0.09929020900744945
900,20251209,-143.0,143,True,False,0.011039504743095268,0.07071829197229818
901,20251210,-146.0,146,True,False,0.01098430721937979,0.0779244169825688
902,20251211,-180.0,180,True,False,0.010929385683282892,0.09466545900795609
903,20251212,-148.0,148,True,False,0.010874738754866477,0.07476066699018702
904,20251213,-192.0,192,True,False,0.010820365061092144,0.09721337497467175
905,20251214,-200.0,200,False,True,0.010766263235786683,0.12118012498831376
906,20251215,-171.0,171,True,False,0.01071243191960775,0.09274016704875976
907,20251216,-159.0,159,True,False,0.010658869760009713,0.08392808301141486
908,20251217,-145.0,145,True,False,0.010605575411209664,0.07228387496434152
909,20251218,-182.0,182,True,False,0.010552547534153616,0.08948675001738593
910,20251219,-148.0,148,True,False,0.010499784796482848,0.08009599999058992
911,20251220,-200.0,200,False,True,0.010447285872500434,0.10407300002407283
912,20251221,-157.0,157,True,False,0.01039504944313793,0.10378812497947365
913,20251222,-198.0,198,True,False,0.010343074195922241,0.09838812501402572
914,20251223,-88.0,88,True,False,0.01029135882494263,0.04422870901180431
915,20251224,-164.0,164,True,False,0.010239902030817916,0.08512054098537192
916,20251225,-200.0,200,False,True,0.010188702520663827,0.09945304202847183
917,20251226,-156.0,156,True,False,0.010137759008060509,0.1015385000500828
918,20251227,-97.0,97,True,False,0.010087070213020206,0.04899191699223593
919,20251228,-95.0,95,True,False,0.010036634861955105,0.04806879203533754
920,20251229,-200.0,200,False,True,0.01,0.10379012499470264
921,20251230,-145.0,145,True,False,0.01,0.15372287499485537
922,20251231,-114.0,114,True,False,0.01,0.05793212499702349
923,20251232,-85.0,85,True,False,0.01,0.04395762499189004
924,20251233,-108.0,108,True,False,0.01,0.053287708025891334
925,20251234,-200.0,200,False,True,0.01,0.10288270801538602
926,20251235,-200.0,200,False,True,0.01,0.10383745899889618
927,20251236,-164.0,164,True,False,0.01,0.08147408399963751
928,20251237,-170.0,170,True,False,0.01,0.08408699999563396
929,20251238,-200.0,200,False,True,0.01,0.10100820800289512
930,20251239,-91.0,91,True,False,0.01,0.04576112498762086
931,20251240,-155.0,155,True,False,0.01,0.07858737499918789
932,20251241,-115.0,115,True,False,0.01,0.05751845799386501
933,20251242,-200.0,200,False,True,0.01,0.099107333982829
934,20251243,-151.0,151,True,False,0.01,0.07523816602770239
935,20251244,-164.0,164,True,False,0.01,0.08145979099208489
936,20251245,-193.0,193,True,False,0.01,0.09571420797146857
937,20251246,-94.0,94,True,False,0.01,0.04852970800129697
938,20251247,-89.0,89,True,False,0.01,0.06451141700381413
939,20251248,-89.0,89,True,False,0.01,0.04388029099209234
940,20251249,-164.0,164,True,False,0.01,0.08590724994428456
941,20251250,-127.0,127,True,False,0.01,0.0682110830093734
942,20251251,-155.0,155,True,False,0.01,0.0769094160059467
943,20251252,-85.0,85,True,False,0.01,0.04283745802240446
944,20251253,-101.0,101,True,False,0.01,0.049574707983992994
945,20251254,-136.0,136,True,False,0.01,0.0761140410322696
946,20251255,-153.0,153,True,False,0.01,0.08714112499728799
947,20251256,-200.0,200,False,True,0.01,0.11528033303329721
948,20251257,-160.0,160,True,False,0.01,0.09415150003042072
949,20251258,-171.0,171,True,False,0.01,0.09479912498500198
950,20251259,-164.0,164,True,False,0.01,0.10215674998471513
951,20251260,-110.0,110,True,False,0.01,0.06491575000109151
952,20251261,-200.0,200,False,True,0.01,0.1043799999752082
953,20251262,-84.0,84,True,False,0.01,0.05566233297577128
954,20251263,-171.0,171,True,False,0.01,0.09020712500205263
955,20251264,-86.0,86,True,False,0.01,0.04568291699979454
956,20251265,-200.0,200,False,True,0.01,0.10507308301748708
957,20251266,-147.0,147,True,False,0.01,0.07291091699153185
958,20251267,-90.0,90,True,False,0.01,0.04489304102025926
959,20251268,-169.0,169,True,False,0.01,0.08766679203836247
960,20251269,-173.0,173,True,False,0.01,0.10650637501385063
961,20251270,-164.0,164,True,False,0.01,0.08270354196429253
962,20251271,-124.0,124,True,False,0.01,0.0632123330142349
963,20251272,-125.0,125,True,False,0.01,0.07019262498943135
964,20251273,-151.0,151,True,False,0.01,0.08712004200788215
965,20251274,-181.0,181,True,False,0.01,0.10606766596902162
966,20251275,-146.0,146,True,False,0.01,0.07568512501893565
967,20251276,-121.0,121,True,False,0.01,0.05962895799893886
968,20251277,-93.0,93,True,False,0.01,0.0457868329831399
969,20251278,-85.0,85,True,False,0.01,0.04229870898416266
970,20251279,-159.0,159,True,False,0.01,0.11202312499517575
971,20251280,-152.0,152,True,False,0.01,0.08008024998707697
972,20251281,-100.0,100,True,False,0.01,0.049506040988489985
973,20251282,-150.0,150,True,False,0.01,0.07628666702657938
974,20251283,-182.0,182,True,False,0.01,0.09285008301958442
975,20251284,-188.0,188,True,False,0.01,0.09769141697324812
976,20251285,-99.0,99,True,False,0.01,0.054051624960266054
977,20251286,-164.0,164,True,False,0.01,0.18027225002879277
978,20251287,-178.0,178,True,False,0.01,0.11231266701361164
979,20251288,-85.0,85,True,False,0.01,0.04285983298905194
980,20251289,-122.0,122,True,False,0.01,0.10737995896488428
981,20251290,-136.0,136,True,False,0.01,0.08917758299503475
982,20251291,-121.0,121,True,False,0.01,0.07213983399560675
983,20251292,-200.0,200,False,True,0.01,0.14569408301031217
984,20251293,-146.0,146,True,False,0.01,0.09009195800172165
985,20251294,-200.0,200,False,True,0.01,0.11287175002507865
986,20251295,-165.0,165,True,False,0.01,0.10450170800322667
987,20251296,-153.0,153,True,False,0.01,0.09543737501371652
988,20251297,-166.0,166,True,False,0.01,0.13650600000983104
989,20251298,-181.0,181,True,False,0.01,0.15712537500075996
990,20251299,-92.0,92,True,False,0.01,0.07152737496653572
991,20251300,-142.0,142,True,False,0.01,0.0827211249852553
992,20251301,-128.0,128,True,False,0.01,0.07627554202917963
993,20251302,-190.0,190,True,False,0.01,0.1194931659847498
994,20251303,-102.0,102,True,False,0.01,0.07331258297199383
995,20251304,-111.0,111,True,False,0.01,0.07376662502065301
996,20251305,-149.0,149,True,False,0.01,0.12287179101258516
997,20251306,-88.0,88,True,False,0.01,0.12382795801386237
998,20251307,-154.0,154,True,False,0.01,0.12512208300177008
999,20251308,-131.0,131,True,False,0.01,0.08734258299227804
1000,20251309,-88.0,88,True,False,0.01,0.04442820796975866
1001,20251310,-132.0,132,True,False,0.01,0.07167716696858406
1002,20251311,-143.0,143,True,False,0.01,0.07331520901061594
1003,20251312,-106.0,106,True,False,0.01,0.05311029200674966
1004,20251313,-115.0,115,True,False,0.01,0.06057774997316301
1005,20251314,-165.0,165,True,False,0.01,0.08607562503311783
1006,20251315,-200.0,200,False,True,0.01,0.1147179999970831
1007,20251316,-87.0,87,True,False,0.01,0.04295983398333192
1008,20251317,-120.0,120,True,False,0.01,0.06809199997223914
1009,20251318,-113.0,113,True,False,0.01,0.06311958300648257
1010,20251319,-195.0,195,True,False,0.01,0.09968958399258554
1011,20251320,-87.0,87,True,False,0.01,0.04344208299880847
1012,20251321,-146.0,146,True,False,0.01,0.0813841670169495
1013,20251322,-114.0,114,True,False,0.01,0.05702016694704071
1014,20251323,-85.0,85,True,False,0.01,0.041821833001449704
1015,20251324,-120.0,120,True,False,0.01,0.06350904097780585
1016,20251325,-160.0,160,True,False,0.01,0.07818866695743054
1017,20251326,-89.0,89,True,False,0.01,0.04573258297750726
1018,20251327,-108.0,108,True,False,0.01,0.05418291699606925
1019,20251328,-85.0,85,True,False,0.01,0.04221858299570158
1020,20251329,-89.0,89,True,False,0.01,0.044902792025823146
1021,20251330,-120.0,120,True,False,0.01,0.0610024580382742
1022,20251331,-159.0,159,True,False,0.01,0.07890408398816362
1023,20251332,-111.0,111,True,False,0.01,0.05514345795381814
1024,20251333,-200.0,200,False,True,0.01,0.10148812498664483
1025,20251334,-103.0,103,True,False,0.01,0.05458250001538545
1026,20251335,-149.0,149,True,False,0.01,0.07866866601398215
1027,20251336,-176.0,176,True,False,0.01,0.0893379170447588
1028,20251337,-110.0,110,True,False,0.01,0.05448629101738334
1029,20251338,-94.0,94,True,False,0.01,0.04640929197194055
1030,20251339,-157.0,157,True,False,0.01,0.07752962497761473
1031,20251340,-180.0,180,True,False,0.01,0.08891604200471193
1032,20251341,-91.0,91,True,False,0.01,0.04511875001480803
1033,20251342,-161.0,161,True,False,0.01,0.080446292005945
1034,20251343,-105.0,105,True,False,0.01,0.05235916597303003
1035,20251344,-112.0,112,True,False,0.01,0.055033500015269965
1036,20251345,-107.0,107,True,False,0.01,0.054289375024382025
1037,20251346,-106.0,106,True,False,0.01,0.05381383397616446
1038,20251347,-95.0,95,True,False,0.01,0.04641866701422259
1039,20251348,-147.0,147,True,False,0.01,0.07411724998382851
1040,20251349,-123.0,123,True,False,0.01,0.06096229201648384
1041,20251350,-187.0,187,True,False,0.01,0.09341154200956225
1042,20251351,-88.0,88,True,False,0.01,0.04696775000775233
1043,20251352,-88.0,88,True,False,0.01,0.04533058300148696
1044,20251353,-129.0,129,True,False,0.01,0.08989079197635874
1045,20251354,-92.0,92,True,False,0.01,0.05272224999498576
1046,20251355,-122.0,122,True,False,0.01,0.06958333303919062
1047,20251356,-110.0,110,True,False,0.01,0.06080883299000561
1048,20251357,-157.0,157,True,False,0.01,0.08516295900335535
1049,20251358,-92.0,92,True,False,0.01,0.04888324998319149
1050,20251359,-117.0,117,True,False,0.01,0.06553758302470669
1051,20251360,-113.0,113,True,False,0.01,0.06045183300739154
1052,20251361,-112.0,112,True,False,0.01,0.05611233302624896
1053,20251362,-158.0,158,True,False,0.01,0.07975999999325722
1054,20251363,-181.0,181,True,False,0.01,0.09201458300231025
1055,20251364,-114.0,114,True,False,0.01,0.055889166018459946
1056,20251365,-88.0,88,True,False,0.01,0.043683917028829455
1057,20251366,-200.0,200,False,True,0.01,0.09686129202600569
1058,20251367,-114.0,114,True,False,0.01,0.0572297089966014
1059,20251368,-131.0,131,True,False,0.01,0.06477533298311755
1060,20251369,-171.0,171,True,False,0.01,0.08358675002818927
1061,20251370,-100.0,100,True,False,0.01,0.04860054195160046
1062,20251371,-102.0,102,True,False,0.01,0.05061912495875731
1063,20251372,-114.0,114,True,False,0.01,0.056566041021142155
1064,20251373,-197.0,197,True,False,0.01,0.09714241698384285
1065,20251374,-190.0,190,True,False,0.01,0.10873516596620902
1066,20251375,-200.0,200,False,True,0.01,0.19471695797983557
1067,20251376,-200.0,200,False,True,0.01,0.1019803750095889
1068,20251377,-96.0,96,True,False,0.01,0.05547495902283117
1069,20251378,-114.0,114,True,False,0.01,0.06234591599786654
1070,20251379,-100.0,100,True,False,0.01,0.0510272080427967
1071,20251380,-193.0,193,True,False,0.01,0.11300629196921363
1072,20251381,-117.0,117,True,False,0.01,0.058667208009865135
1073,20251382,-109.0,109,True,False,0.01,0.05662575003225356
1074,20251383,-121.0,121,True,False,0.01,0.06078175001312047
1075,20251384,-184.0,184,True,False,0.01,0.09149712498765439
1076,20251385,-97.0,97,True,False,0.01,0.051484458963386714
1077,20251386,-109.0,109,True,False,0.01,0.054262291989289224
1078,20251387,-193.0,193,True,False,0.01,0.09591116703813896
1079,20251388,-112.0,112,True,False,0.01,0.05729945900384337
1080,20251389,-114.0,114,True,False,0.01,0.057065083004999906
1081,20251390,-113.0,113,True,False,0.01,0.056469750008545816
1082,20251391,-121.0,121,True,False,0.01,0.0614464589743875
1083,20251392,-98.0,98,True,False,0.01,0.048938583000563085
1084,20251393,-124.0,124,True,False,0.01,0.0631689999718219
1085,20251394,-106.0,106,True,False,0.01,0.05513720802264288
1086,20251395,-119.0,119,True,False,0.01,0.07039854198228568
1087,20251396,-135.0,135,True,False,0.01,0.07141495897667482
1088,20251397,-108.0,108,True,False,0.01,0.05354041699320078
1089,20251398,-125.0,125,True,False,0.01,0.06330375000834465
1090,20251399,-122.0,122,True,False,0.01,0.06007129099452868
1091,20251400,-121.0,121,True,False,0.01,0.0594829170149751
1092,20251401,-93.0,93,True,False,0.01,0.04540616599842906
1093,20251402,-100.0,100,True,False,0.01,0.06354870897484943
1094,20251403,-121.0,121,True,False,0.01,0.07853037503082305
1095,20251404,-107.0,107,True,False,0.01,0.05567587504629046
1096,20251405,-158.0,158,True,False,0.01,0.07815949997166172
1097,20251406,-163.0,163,True,False,0.01,0.08031799999298528
1098,20251407,-112.0,112,True,False,0.01,0.05614891700679436
1099,20251408,-177.0,177,True,False,0.01,0.08799425000324845
1100,20251409,-123.0,123,True,False,0.01,0.06076100002974272
1101,20251410,-107.0,107,True,False,0.01,0.05252158298389986
1102,20251411,-129.0,129,True,False,0.01,0.06509795895544812
1103,20251412,-117.0,117,True,False,0.01,0.057004583009984344
1104,20251413,-114.0,114,True,False,0.01,0.05641625000862405
1105,20251414,-120.0,120,True,False,0.01,0.058652999985497445
1106,20251415,-178.0,178,True,False,0.01,0.0857974580139853
1107,20251416,-112.0,112,True,False,0.01,0.05956879199948162
1108,20251417,-110.0,110,True,False,0.01,0.05375629203626886
1109,20251418,-119.0,119,True,False,0.01,0.06018191599287093
1110,20251419,-178.0,178,True,False,0.01,0.08851400000276044
1111,20251420,-124.0,124,True,False,0.01,0.06066791695775464
1112,20251421,-100.0,100,True,False,0.01,0.05074175004847348
1113,20251422,-118.0,118,True,False,0.01,0.05773579201195389
1114,20251423,-116.0,116,True,False,0.01,0.059794124972540885
1115,20251424,-111.0,111,True,False,0.01,0.05982641695300117
1116,20251425,-123.0,123,True,False,0.01,0.06511170795420185
1117,20251426,-134.0,134,True,False,0.01,0.06854283402208239
1118,20251427,-116.0,116,True,False,0.01,0.056961000023875386
1119,20251428,-189.0,189,True,False,0.01,0.09552541695302352
1120,20251429,-200.0,200,False,True,0.01,0.11428841698216274
1121,20251430,-134.0,134,True,False,0.01,0.08422637498006225
1122,20251431,-200.0,200,False,True,0.01,0.1530238750274293
1123,20251432,-97.0,97,True,False,0.01,0.07911116600735113
1124,20251433,-123.0,123,True,False,0.01,0.10142837499734014
1125,20251434,-110.0,110,True,False,0.01,0.07302874996094033
1126,20251435,-129.0,129,True,False,0.01,0.14144625002518296
1127,20251436,-118.0,118,True,False,0.01,0.1559833330102265
1128,20251437,-115.0,115,True,False,0.01,0.08226820803247392
1129,20251438,-197.0,197,True,False,0.01,0.25926441699266434
1130,20251439,-119.0,119,True,False,0.01,0.08342741697560996
1131,20251440,-124.0,124,True,False,0.01,0.07938900002045557
1132,20251441,-112.0,112,True,False,0.01,0.06453612499171868
1133,20251442,-112.0,112,True,False,0.01,0.05618037498788908
1134,20251443,-111.0,111,True,False,0.01,0.05809137498727068
1135,20251444,-183.0,183,True,False,0.01,0.11669375002384186
1136,20251445,-130.0,130,True,False,0.01,0.08215133298654109
1137,20251446,-120.0,120,True,False,0.01,0.0633984170272015
1138,20251447,-116.0,116,True,False,0.01,0.06298474996583536
1139,20251448,-132.0,132,True,False,0.01,0.07380666700191796
1140,20251449,-111.0,111,True,False,0.01,0.06125554197933525
1141,20251450,-109.0,109,True,False,0.01,0.06216154096182436
1142,20251451,-115.0,115,True,False,0.01,0.06058000004850328
1143,20251452,-109.0,109,True,False,0.01,0.06550887500634417
1144,20251453,-112.0,112,True,False,0.01,0.058540500001981854
1145,20251454,-126.0,126,True,False,0.01,0.07261045800987631
1146,20251455,-108.0,108,True,False,0.01,0.0645934590138495
1147,20251456,-112.0,112,True,False,0.01,0.07478758302750066
1148,20251457,-110.0,110,True,False,0.01,0.06909154198365286
1149,20251458,-107.0,107,True,False,0.01,0.05992275004973635
1150,20251459,-114.0,114,True,False,0.01,0.06917075003730133
1151,20251460,-116.0,116,True,False,0.01,0.09229908301495016
1152,20251461,-108.0,108,True,False,0.01,0.13770404201932251
1153,20251462,-111.0,111,True,False,0.01,0.09331141697475687
1154,20251463,-112.0,112,True,False,0.01,0.06921512499684468
1155,20251464,-109.0,109,True,False,0.01,0.11935895797796547
1156,20251465,-115.0,115,True,False,0.01,0.13930724997771904
1157,20251466,-200.0,200,False,True,0.01,0.18233762501040474
1158,20251467,-116.0,116,True,False,0.01,0.11206074996152893
1159,20251468,-125.0,125,True,False,0.01,0.12234154198085889
1160,20251469,-191.0,191,True,False,0.01,0.30357891699532047
1161,20251470,-144.0,144,True,False,0.01,0.14765979099320248
1162,20251471,-109.0,109,True,False,0.01,0.06317387503804639
1163,20251472,-108.0,108,True,False,0.01,0.06950058398069814
1164,20251473,-119.0,119,True,False,0.01,0.09117441700072959
1165,20251474,-128.0,128,True,False,0.01,0.11809045798145235
1166,20251475,-98.0,98,True,False,0.01,0.0928866250324063
1167,20251476,-111.0,111,True,False,0.01,0.0592865829821676
1168,20251477,-107.0,107,True,False,0.01,0.08477300003869459
1169,20251478,-125.0,125,True,False,0.01,0.08018133300356567
1170,20251479,-112.0,112,True,False,0.01,0.09699608298251405
1171,20251480,-200.0,200,False,True,0.01,0.18925104098161682
1172,20251481,-114.0,114,True,False,0.01,0.08572816697414964
1173,20251482,-106.0,106,True,False,0.01,0.12854829104617238
1174,20251483,-112.0,112,True,False,0.01,0.07462541596032679
1175,20251484,-131.0,131,True,False,0.01,0.07911354204406962
1176,20251485,-122.0,122,True,False,0.01,0.07092825003201142
1177,20251486,-111.0,111,True,False,0.01,0.06925624998984858
1178,20251487,-184.0,184,True,False,0.01,0.10576483397744596
1179,20251488,-112.0,112,True,False,0.01,0.05971154203871265
1180,20251489,-111.0,111,True,False,0.01,0.05870529200183228
1181,20251490,-176.0,176,True,False,0.01,0.11941250000381842
1182,20251491,-115.0,115,True,False,0.01,0.07335474999854341
1183,20251492,-114.0,114,True,False,0.01,0.07242487499024719
1184,20251493,-200.0,200,False,True,0.01,0.17119299998739734
1185,20251494,-136.0,136,True,False,0.01,0.13185420795343816
1186,20251495,-114.0,114,True,False,0.01,0.13068212498910725
1187,20251496,-124.0,124,True,False,0.01,0.089725041994825
1188,20251497,-140.0,140,True,False,0.01,0.07955349999247119
1189,20251498,-105.0,105,True,False,0.01,0.05564575002063066
1190,20251499,-113.0,113,True,False,0.01,0.1358408749802038
1191,20251500,-193.0,193,True,False,0.01,0.18872495798859745
1192,20251501,-108.0,108,True,False,0.01,0.1152417499688454
1193,20251502,-109.0,109,True,False,0.01,0.1060750829637982
1194,20251503,-177.0,177,True,False,0.01,0.11547558300662786
1195,20251504,-118.0,118,True,False,0.01,0.06606920901685953
1196,20251505,-104.0,104,True,False,0.01,0.05713649996323511
1197,20251506,-115.0,115,True,False,0.01,0.06463070801692083
1198,20251507,-111.0,111,True,False,0.01,0.06795670895371586
1199,20251508,-114.0,114,True,False,0.01,0.060657499998342246
1200,20251509,-110.0,110,True,False,0.01,0.05722837499342859
1201,20251510,-114.0,114,True,False,0.01,0.05829779099440202
1202,20251511,-126.0,126,True,False,0.01,0.06176570802927017
1203,20251512,-114.0,114,True,False,0.01,0.06744562502717599
1204,20251513,-109.0,109,True,False,0.01,0.05696104100206867
1205,20251514,-105.0,105,True,False,0.01,0.05419749999418855
1206,20251515,-122.0,122,True,False,0.01,0.06540883297566324
1207,20251516,-112.0,112,True,False,0.01,0.059583500027656555
1208,20251517,-115.0,115,True,False,0.01,0.06036412494722754
1209,20251518,-98.0,98,True,False,0.01,0.05488479201449081
1210,20251519,-109.0,109,True,False,0.01,0.05982508300803602
1211,20251520,-110.0,110,True,False,0.01,0.05800333298975602
1212,20251521,-110.0,110,True,False,0.01,0.057830957986880094
1213,20251522,-113.0,113,True,False,0.01,0.05859074997715652
1214,20251523,-109.0,109,True,False,0.01,0.05902204103767872
1215,20251524,-179.0,179,True,False,0.01,0.09702325001126155
1216,20251525,-131.0,131,True,False,0.01,0.06957987503847107
1217,20251526,-171.0,171,True,False,0.01,0.08777437498793006
1218,20251527,-127.0,127,True,False,0.01,0.06543504097498953
1219,20251528,-109.0,109,True,False,0.01,0.05524950003018603
1220,20251529,-132.0,132,True,False,0.01,0.06559145904611796
1221,20251530,-106.0,106,True,False,0.01,0.05202804098371416
1222,20251531,-107.0,107,True,False,0.01,0.054343540978152305
1223,20251532,-181.0,181,True,False,0.01,0.0903800000087358
1224,20251533,-172.0,172,True,False,0.01,0.08946091699181125
1225,20251534,-113.0,113,True,False,0.01,0.06305491598322988
1226,20251535,-120.0,120,True,False,0.01,0.06582745799096301
1227,20251536,-161.0,161,True,False,0.01,0.07955595798557624
1228,20251537,-130.0,130,True,False,0.01,0.06406262499513105
1229,20251538,-165.0,165,True,False,0.01,0.08499054203275591
1230,20251539,-114.0,114,True,False,0.01,0.058680250018369406
1231,20251540,-110.0,110,True,False,0.01,0.10408625000854954
1232,20251541,-145.0,145,True,False,0.01,0.09554012498119846
1233,20251542,-115.0,115,True,False,0.01,0.0883659579558298
1234,20251543,-134.0,134,True,False,0.01,0.07019129197578877
1235,20251544,-176.0,176,True,False,0.01,0.10785229201428592
1236,20251545,-174.0,174,True,False,0.01,0.12272641703020781
1237,20251546,-109.0,109,True,False,0.01,0.07028625003295019
1238,20251547,-113.0,113,True,False,0.01,0.06259170902194455
1239,20251548,-113.0,113,True,False,0.01,0.06285162502899766
1240,20251549,-117.0,117,True,False,0.01,0.059556916996371
1241,20251550,-103.0,103,True,False,0.01,0.0545548329828307
1242,20251551,-106.0,106,True,False,0.01,0.052578290982637554
1243,20251552,-109.0,109,True,False,0.01,0.056424207985401154
1244,20251553,-111.0,111,True,False,0.01,0.058625540987122804
1245,20251554,-157.0,157,True,False,0.01,0.07733758399263024
1246,20251555,-104.0,104,True,False,0.01,0.05263687501428649
1247,20251556,-110.0,110,True,False,0.01,0.05801608302863315
1248,20251557,-109.0,109,True,False,0.01,0.05676450004102662
1249,20251558,-200.0,200,True,True,0.01,0.10299666703213006
1250,20251559,-118.0,118,True,False,0.01,0.05872133397497237
1251,20251560,-111.0,111,True,False,0.01,0.054894041968509555
1252,20251561,-109.0,109,True,False,0.01,0.05773833399871364
1253,20251562,-118.0,118,True,False,0.01,0.05780950002372265
1254,20251563,-110.0,110,True,False,0.01,0.05552591697778553
1255,20251564,-117.0,117,True,False,0.01,0.06005629198625684
1256,20251565,-117.0,117,True,False,0.01,0.0601032079430297
1257,20251566,-116.0,116,True,False,0.01,0.06369879201520234
1258,20251567,-111.0,111,True,False,0.01,0.05543095798930153
1259,20251568,-111.0,111,True,False,0.01,0.055951957998331636
1260,20251569,-109.0,109,True,False,0.01,0.056128458003513515
1261,20251570,-102.0,102,True,False,0.01,0.05254854104714468
1262,20251571,-97.0,97,True,False,0.01,0.04967337503330782
1263,20251572,-101.0,101,True,False,0.01,0.05491770902881399
1264,20251573,-106.0,106,True,False,0.01,0.051636540971230716
1265,20251574,-200.0,200,False,True,0.01,0.10746479197405279
1266,20251575,-109.0,109,True,False,0.01,0.057879333035089076
1267,20251576,-105.0,105,True,False,0.01,0.05147995805600658
1268,20251577,-110.0,110,True,False,0.01,0.08390033297473565
1269,20251578,-117.0,117,True,False,0.01,0.05746958404779434
1270,20251579,-116.0,116,True,False,0.01,0.05923825001809746
1271,20251580,-124.0,124,True,False,0.01,0.0603381660184823
1272,20251581,-110.0,110,True,False,0.01,0.058283874997869134
1273,20251582,-99.0,99,True,False,0.01,0.061336625018157065
1274,20251583,-105.0,105,True,False,0.01,0.06100049999076873
1275,20251584,-171.0,171,True,False,0.01,0.08759716700296849
1276,20251585,-110.0,110,True,False,0.01,0.056113541999366134
1277,20251586,-108.0,108,True,False,0.01,0.05613191705197096
1278,20251587,-142.0,142,True,False,0.01,0.07186158304102719
1279,20251588,-182.0,182,True,False,0.01,0.09043183299945667
1280,20251589,-198.0,198,True,False,0.01,0.10097924998262897
1281,20251590,-172.0,172,True,False,0.01,0.0869546250323765
1282,20251591,-189.0,189,True,False,0.01,0.09823429101379588
1283,20251592,-109.0,109,True,False,0.01,0.05416149995289743
1284,20251593,-113.0,113,True,False,0.01,0.05739658296806738
1285,20251594,-111.0,111,True,False,0.01,0.05403320799814537
1286,20251595,-107.0,107,True,False,0.01,0.05282383301528171
1287,20251596,-182.0,182,True,False,0.01,0.09212779201334342
1288,20251597,-109.0,109,True,False,0.01,0.05433712498052046
1289,20251598,-200.0,200,False,True,0.01,0.09761779202381149
1290,20251599,-168.0,168,True,False,0.01,0.15315274999011308
1291,20251600,-125.0,125,True,False,0.01,0.09425500000361353
1292,20251601,-116.0,116,True,False,0.01,0.07652337499894202
1293,20251602,-103.0,103,True,False,0.01,0.05311858298955485
1294,20251603,-105.0,105,True,False,0.01,0.054318125010468066
1295,20251604,-136.0,136,True,False,0.01,0.06966691702837124
1296,20251605,-106.0,106,True,False,0.01,0.05491400003666058
1297,20251606,-166.0,166,True,False,0.01,0.08539441600441933
1298,20251607,-122.0,122,True,False,0.01,0.06021487497491762
1299,20251608,-114.0,114,True,False,0.01,0.05758891598088667
1300,20251609,-107.0,107,True,False,0.01,0.05539633397711441
1301,20251610,-86.0,86,True,False,0.01,0.043901166995055974
1302,20251611,-111.0,111,True,False,0.01,0.061797041969839483
1303,20251612,-165.0,165,True,False,0.01,0.10793841700069606
1304,20251613,-105.0,105,True,False,0.01,0.05897812498733401
1305,20251614,-86.0,86,True,False,0.01,0.04394154099281877
1306,20251615,-106.0,106,True,False,0.01,0.059432709007523954
1307,20251616,-105.0,105,True,False,0.01,0.0565152500057593
1308,20251617,-106.0,106,True,False,0.01,0.05579762498382479
1309,20251618,-112.0,112,True,False,0.01,0.056338290974963456
1310,20251619,-105.0,105,True,False,0.01,0.08690079202642664
1311,20251620,-138.0,138,True,False,0.01,0.07455483399098739
1312,20251621,-97.0,97,True,False,0.01,0.048999125021509826
1313,20251622,-111.0,111,True,False,0.01,0.057967750006355345
1314,20251623,-85.0,85,True,False,0.01,0.042360167019069195
1315,20251624,-177.0,177,True,False,0.01,0.09245174995157868
1316,20251625,-99.0,99,True,False,0.01,0.0538738330360502
1317,20251626,-126.0,126,True,False,0.01,0.0927447080030106
1318,20251627,-114.0,114,True,False,0.01,0.07093958300538361
1319,20251628,-111.0,111,True,False,0.01,0.09219608403509483
1320,20251629,-162.0,162,True,False,0.01,0.12476612499449402
1321,20251630,-160.0,160,True,False,0.01,0.09360654099145904
1322,20251631,-165.0,165,True,False,0.01,0.09215962502639741
1323,20251632,-136.0,136,True,False,0.01,0.07652454200433567
1324,20251633,-85.0,85,True,False,0.01,0.05984258302487433
1325,20251634,-192.0,192,True,False,0.01,0.11342591600259766
1326,20251635,-109.0,109,True,False,0.01,0.06423262500902638
1327,20251636,-105.0,105,True,False,0.01,0.08982054202351719
1328,20251637,-112.0,112,True,False,0.01,0.07134041702374816
1329,20251638,-105.0,105,True,False,0.01,0.06775437499163672
1330,20251639,-113.0,113,True,False,0.01,0.08414824999636039
1331,20251640,-86.0,86,True,False,0.01,0.04363820800790563
1332,20251641,-90.0,90,True,False,0.01,0.04578008397947997
1333,20251642,-161.0,161,True,False,0.01,0.0955127920024097
1334,20251643,-111.0,111,True,False,0.01,0.06547929102089256
1335,20251644,-114.0,114,True,False,0.01,0.06418837502133101
1336,20251645,-112.0,112,True,False,0.01,0.06003724999027327
1337,20251646,-132.0,132,True,False,0.01,0.06796499999472871
1338,20251647,-90.0,90,True,False,0.01,0.046710750029888004
1339,20251648,-113.0,113,True,False,0.01,0.06406954198610038
1340,20251649,-120.0,120,True,False,0.01,0.08243183395825326
1341,20251650,-151.0,151,True,False,0.01,0.08290541695896536
1342,20251651,-88.0,88,True,False,0.01,0.04544349998468533
1343,20251652,-111.0,111,True,False,0.01,0.05645291699329391
1344,20251653,-181.0,181,True,False,0.01,0.10280445800162852
1345,20251654,-102.0,102,True,False,0.01,0.05363687500357628
1346,20251655,-117.0,117,True,False,0.01,0.05888575001154095
1347,20251656,-86.0,86,True,False,0.01,0.04429204203188419
1348,20251657,-114.0,114,True,False,0.01,0.05929833301343024
1349,20251658,-107.0,107,True,False,0.01,0.05300004204036668
1350,20251659,-157.0,157,True,False,0.01,0.07762275001732633
1351,20251660,-116.0,116,True,False,0.01,0.05965058400761336
1352,20251661,-153.0,153,True,False,0.01,0.08133029204327613
1353,20251662,-85.0,85,True,False,0.01,0.047598499979358166
1354,20251663,-141.0,141,True,False,0.01,0.07017837499734014
1355,20251664,-121.0,121,True,False,0.01,0.06550895801046863
1356,20251665,-99.0,99,True,False,0.01,0.05311762500787154
1357,20251666,-106.0,106,True,False,0.01,0.0525095000048168
1358,20251667,-168.0,168,True,False,0.01,0.08442362502682954
1359,20251668,-121.0,121,True,False,0.01,0.0651804999797605
1360,20251669,-120.0,120,True,False,0.01,0.08614016597857699
1361,20251670,-84.0,84,True,False,0.01,0.05732941598398611
1362,20251671,-112.0,112,True,False,0.01,0.06459329195786268
1363,20251672,-147.0,147,True,False,0.01,0.08079149998957291
1364,20251673,-91.0,91,True,False,0.01,0.047386292018927634
1365,20251674,-158.0,158,True,False,0.01,0.09210420900490135
1366,20251675,-109.0,109,True,False,0.01,0.05819237499963492
1367,20251676,-86.0,86,True,False,0.01,0.04459320899331942
1368,20251677,-87.0,87,True,False,0.01,0.04309629200724885
1369,20251678,-115.0,115,True,False,0.01,0.05919887498021126
1370,20251679,-107.0,107,True,False,0.01,0.05902920896187425
1371,20251680,-167.0,167,True,False,0.01,0.08405037503689528
1372,20251681,-91.0,91,True,False,0.01,0.04545025003608316
1373,20251682,-87.0,87,True,False,0.01,0.045210500014945865
1374,20251683,-104.0,104,True,False,0.01,0.05147383298026398
1375,20251684,-107.0,107,True,False,0.01,0.0577938340138644
1376,20251685,-140.0,140,True,False,0.01,0.08213799999793991
1377,20251686,-106.0,106,True,False,0.01,0.05856362503254786
1378,20251687,-111.0,111,True,False,0.01,0.05926850001560524
1379,20251688,-112.0,112,True,False,0.01,0.05941420898307115
1380,20251689,-105.0,105,True,False,0.01,0.055348207999486476
1381,20251690,-160.0,160,True,False,0.01,0.08216741704382002
1382,20251691,-110.0,110,True,False,0.01,0.054230667010415345
1383,20251692,-136.0,136,True,False,0.01,0.06843137502437457
1384,20251693,-188.0,188,True,False,0.01,0.11707241600379348
1385,20251694,-110.0,110,True,False,0.01,0.06710258300881833
1386,20251695,-84.0,84,True,False,0.01,0.045086832949891686
1387,20251696,-120.0,120,True,False,0.01,0.061990291986148804
1388,20251697,-113.0,113,True,False,0.01,0.05728208302753046
1389,20251698,-93.0,93,True,False,0.01,0.04859591700369492
1390,20251699,-117.0,117,True,False,0.01,0.05931162502383813
1391,20251700,-174.0,174,True,False,0.01,0.09308299998519942
1392,20251701,-135.0,135,True,False,0.01,0.06947537499945611
1393,20251702,-130.0,130,True,False,0.01,0.06753975001629442
1394,20251703,-158.0,158,True,False,0.01,0.07873233302962035
1395,20251704,-112.0,112,True,False,0.01,0.05975058302283287
1396,20251705,-106.0,106,True,False,0.01,0.05812487500952557
1397,20251706,-87.0,87,True,False,0.01,0.04508833301952109
1398,20251707,-126.0,126,True,False,0.01,0.06555674999253824
1399,20251708,-108.0,108,True,False,0.01,0.05581250000977889
1400,20251709,-87.0,87,True,False,0.01,0.04390516597777605
1401,20251710,-92.0,92,True,False,0.01,0.04806645802455023
1402,20251711,-120.0,120,True,False,0.01,0.06527795799775049
1403,20251712,-200.0,200,False,True,0.01,0.09820020903134719
1404,20251713,-200.0,200,False,True,0.01,0.11218258301960304
1405,20251714,-148.0,148,True,False,0.01,0.07269462500698864
1406,20251715,-84.0,84,True,False,0.01,0.040927583002485335
1407,20251716,-85.0,85,True,False,0.01,0.041738666011951864
1408,20251717,-190.0,190,True,False,0.01,0.10199283302063122
1409,20251718,-124.0,124,True,False,0.01,0.07501562498509884
1410,20251719,-86.0,86,True,False,0.01,0.04270325001562014
1411,20251720,-117.0,117,True,False,0.01,0.06324175000190735
1412,20251721,-107.0,107,True,False,0.01,0.05470120895188302
1413,20251722,-200.0,200,False,True,0.01,0.09959241701290011
1414,20251723,-94.0,94,True,False,0.01,0.0497052920400165
1415,20251724,-106.0,106,True,False,0.01,0.055476290988735855
1416,20251725,-126.0,126,True,False,0.01,0.06334616697859019
1417,20251726,-167.0,167,True,False,0.01,0.08141191699542105
1418,20251727,-147.0,147,True,False,0.01,0.07285808399319649
1419,20251728,-120.0,120,True,False,0.01,0.05855900002643466
1420,20251729,-139.0,139,True,False,0.01,0.07169487501960248
1421,20251730,-112.0,112,True,False,0.01,0.056967750017065555
1422,20251731,-106.0,106,True,False,0.01,0.055543833994306624
1423,20251732,-184.0,184,True,False,0.01,0.09549908299231902
1424,20251733,-121.0,121,True,False,0.01,0.06578441697638482
1425,20251734,-132.0,132,True,False,0.01,0.07324512500781566
1426,20251735,-112.0,112,True,False,0.01,0.062465625000186265
1427,20251736,-109.0,109,True,False,0.01,0.06005237501813099
1428,20251737,-183.0,183,True,False,0.01,0.10541429201839492
1429,20251738,-107.0,107,True,False,0.01,0.0842307080165483
1430,20251739,-200.0,200,False,True,0.01,0.130528166948352
1431,20251740,-119.0,119,True,False,0.01,0.06197120901197195
1432,20251741,-116.0,116,True,False,0.01,0.06020041700685397
1433,20251742,-195.0,195,True,False,0.01,0.09924562502419576
1434,20251743,-120.0,120,True,False,0.01,0.06600387499202043
1435,20251744,-85.0,85,True,False,0.01,0.04183887498220429
1436,20251745,-119.0,119,True,False,0.01,0.05826633400283754
1437,20251746,-88.0,88,True,False,0.01,0.04378704202827066
1438,20251747,-116.0,116,True,False,0.01,0.06291141599649563
1439,20251748,-125.0,125,True,False,0.01,0.06129241600865498
1440,20251749,-87.0,87,True,False,0.01,0.043548041954636574
1441,20251750,-127.0,127,True,False,0.01,0.06306174997007474
1442,20251751,-158.0,158,True,False,0.01,0.07869033399038017
1443,20251752,-119.0,119,True,False,0.01,0.05866204097401351
1444,20251753,-118.0,118,True,False,0.01,0.05901520902989432
1445,20251754,-125.0,125,True,False,0.01,0.06192175002070144
1446,20251755,-89.0,89,True,False,0.01,0.04473025002516806
1447,20251756,-84.0,84,True,False,0.01,0.04964116698829457
1448,20251757,-90.0,90,True,False,0.01,0.044779666990507394
1449,20251758,-90.0,90,True,False,0.01,0.04630899999756366
1450,20251759,-85.0,85,True,False,0.01,0.04198412498226389
1451,20251760,-119.0,119,True,False,0.01,0.06006595800863579
1452,20251761,-107.0,107,True,False,0.01,0.056809958012308925
1453,20251762,-147.0,147,True,False,0.01,0.07975683303084224
1454,20251763,-104.0,104,True,False,0.01,0.05664329195860773
1455,20251764,-162.0,162,True,False,0.01,0.08055516699096188
1456,20251765,-125.0,125,True,False,0.01,0.06854733300860971
1457,20251766,-163.0,163,True,False,0.01,0.0829645000048913
1458,20251767,-126.0,126,True,False,0.01,0.0637649999698624
1459,20251768,-107.0,107,True,False,0.01,0.053213334002066404
1460,20251769,-193.0,193,True,False,0.01,0.13243945798603818
1461,20251770,-187.0,187,True,False,0.01,0.10513599996920675
1462,20251771,-112.0,112,True,False,0.01,0.06101725000189617
1463,20251772,-86.0,86,True,False,0.01,0.044016624975483865
1464,20251773,-163.0,163,True,False,0.01,0.10308475000783801
1465,20251774,-105.0,105,True,False,0.01,0.052287875034380704
1466,20251775,-170.0,170,True,False,0.01,0.08515774999978021
1467,20251776,-87.0,87,True,False,0.01,0.0442893750150688
1468,20251777,-111.0,111,True,False,0.01,0.0566469170153141
1469,20251778,-114.0,114,True,False,0.01,0.05722524999873713
1470,20251779,-118.0,118,True,False,0.01,0.0591671250294894
1471,20251780,-200.0,200,False,True,0.01,0.09951662499224767
1472,20251781,-110.0,110,True,False,0.01,0.055019750026986
1473,20251782,-119.0,119,True,False,0.01,0.0649764999980107
1474,20251783,-106.0,106,True,False,0.01,0.06014070799574256
1475,20251784,-86.0,86,True,False,0.01,0.04702120798174292
1476,20251785,-102.0,102,True,False,0.01,0.05805404100101441
1477,20251786,-125.0,125,True,False,0.01,0.07005525002023205
1478,20251787,-105.0,105,True,False,0.01,0.054322583018802106
1479,20251788,-186.0,186,True,False,0.01,0.09409183298703283
1480,20251789,-117.0,117,True,False,0.01,0.05731375003233552
1481,20251790,-116.0,116,True,False,0.01,0.057451458007562906
1482,20251791,-85.0,85,True,False,0.01,0.044273249979596585
1483,20251792,-175.0,175,True,False,0.01,0.09727162501076236
1484,20251793,-118.0,118,True,False,0.01,0.06190808297833428
1485,20251794,-90.0,90,True,False,0.01,0.04517949995351955
1486,20251795,-199.0,199,True,False,0.01,0.09831787500297651
1487,20251796,-111.0,111,True,False,0.01,0.05561341700376943
1488,20251797,-143.0,143,True,False,0.01,0.07116529199993238
1489,20251798,-95.0,95,True,False,0.01,0.04743591696023941
1490,20251799,-177.0,177,True,False,0.01,0.12437887495616451
1491,20251800,-115.0,115,True,False,0.01,0.06153612496564165
1492,20251801,-108.0,108,True,False,0.01,0.0541382500086911
1493,20251802,-107.0,107,True,False,0.01,0.0555898750317283
1494,20251803,-88.0,88,True,False,0.01,0.04852816602215171
1495,20251804,-149.0,149,True,False,0.01,0.07230779103701934
1496,20251805,-106.0,106,True,False,0.01,0.05725516699021682
1497,20251806,-152.0,152,True,False,0.01,0.0845802920521237
1498,20251807,-192.0,192,True,False,0.01,0.11032183299539611
1499,20251808,-158.0,158,True,False,0.01,0.08094733400503173
1500,20251809,-197.0,197,True,False,0.01,0.10147475003032014
1501,20251810,-115.0,115,True,False,0.01,0.06305795902153477
1502,20251811,-172.0,172,True,False,0.01,0.087108250008896
1503,20251812,-93.0,93,True,False,0.01,0.053140749980229884
1504,20251813,-181.0,181,True,False,0.01,0.09244904201477766
1505,20251814,-103.0,103,True,False,0.01,0.051731750019825995
1506,20251815,-107.0,107,True,False,0.01,0.055794125015381724
1507,20251816,-108.0,108,True,False,0.01,0.05651249998481944
1508,20251817,-107.0,107,True,False,0.01,0.05599900003289804
1509,20251818,-109.0,109,True,False,0.01,0.05440383398672566
1510,20251819,-96.0,96,True,False,0.01,0.055990541994106025
1511,20251820,-105.0,105,True,False,0.01,0.056580792006570846
1512,20251821,-128.0,128,True,False,0.01,0.07413629197981209
1513,20251822,-110.0,110,True,False,0.01,0.05882537498837337
1514,20251823,-122.0,122,True,False,0.01,0.06670762499561533
1515,20251824,-89.0,89,True,False,0.01,0.04770825000014156
1516,20251825,-115.0,115,True,False,0.01,0.05710174998966977
1517,20251826,-110.0,110,True,False,0.01,0.05675570899620652
1518,20251827,-107.0,107,True,False,0.01,0.054354458989109844
1519,20251828,-105.0,105,True,False,0.01,0.05157125002006069
1520,20251829,-104.0,104,True,False,0.01,0.05547449999721721
1521,20251830,-116.0,116,True,False,0.01,0.05879004200687632
1522,20251831,-157.0,157,True,False,0.01,0.07663420896278694
1523,20251832,-110.0,110,True,False,0.01,0.055887124966830015
1524,20251833,-106.0,106,True,False,0.01,0.05502429202897474
1525,20251834,-164.0,164,True,False,0.01,0.0888050840003416
1526,20251835,-111.0,111,True,False,0.01,0.06486512499395758
1527,20251836,-107.0,107,True,False,0.01,0.05549062497448176
1528,20251837,-185.0,185,True,False,0.01,0.15191549999872223
1529,20251838,-118.0,118,True,False,0.01,0.06516391597688198
1530,20251839,-108.0,108,True,False,0.01,0.06365533400094137
1531,20251840,-117.0,117,True,False,0.01,0.05915108398767188
1532,20251841,-112.0,112,True,False,0.01,0.05540016695158556
1533,20251842,-108.0,108,True,False,0.01,0.05732095899293199
1534,20251843,-160.0,160,True,False,0.01,0.0981487079989165
1535,20251844,-102.0,102,True,False,0.01,0.07292179099749774
1536,20251845,-103.0,103,True,False,0.01,0.05289537500357255
1537,20251846,-159.0,159,True,False,0.01,0.08235262497328222
1538,20251847,-132.0,132,True,False,0.01,0.06457841699011624
1539,20251848,-180.0,180,True,False,0.01,0.0953181249788031
1540,20251849,-110.0,110,True,False,0.01,0.054169750015717
1541,20251850,-135.0,135,True,False,0.01,0.06597041699569672
1542,20251851,-107.0,107,True,False,0.01,0.0566605839994736
1543,20251852,-88.0,88,True,False,0.01,0.04382895800517872
1544,20251853,-130.0,130,True,False,0.01,0.07042479200754315
1545,20251854,-116.0,116,True,False,0.01,0.06912695796927437
1546,20251855,-107.0,107,True,False,0.01,0.0590060839895159
1547,20251856,-124.0,124,True,False,0.01,0.061610458011273295
1548,20251857,-116.0,116,True,False,0.01,0.06302520900499076
1549,20251858,-191.0,191,True,False,0.01,0.10348762496141717
1550,20251859,-112.0,112,True,False,0.01,0.05747883301228285
1551,20251860,-112.0,112,True,False,0.01,0.057176208996679634
1552,20251861,-115.0,115,True,False,0.01,0.06035616702865809
1553,20251862,-103.0,103,True,False,0.01,0.05139366601360962
1554,20251863,-88.0,88,True,False,0.01,0.044877708016429096
1555,20251864,-174.0,174,True,False,0.01,0.08762862498406321
1556,20251865,-125.0,125,True,False,0.01,0.06511187501018867
1557,20251866,-115.0,115,True,False,0.01,0.05791795800905675
1558,20251867,-113.0,113,True,False,0.01,0.05625008302740753
1559,20251868,-109.0,109,True,False,0.01,0.05389033298706636
1560,20251869,-177.0,177,True,False,0.01,0.08700825000414625
1561,20251870,-112.0,112,True,False,0.01,0.0557547920034267
1562,20251871,-124.0,124,True,False,0.01,0.06188829097663984
1563,20251872,-106.0,106,True,False,0.01,0.055884125002194196
1564,20251873,-109.0,109,True,False,0.01,0.05632445798255503
1565,20251874,-107.0,107,True,False,0.01,0.05763333395589143
1566,20251875,-105.0,105,True,False,0.01,0.05166258296230808
1567,20251876,-181.0,181,True,False,0.01,0.08901145798154175
1568,20251877,-109.0,109,True,False,0.01,0.06723954202607274
1569,20251878,-117.0,117,True,False,0.01,0.05884900002274662
1570,20251879,-128.0,128,True,False,0.01,0.06614845799049363
1571,20251880,-166.0,166,True,False,0.01,0.25415216595865786
1572,20251881,-106.0,106,True,False,0.01,0.08234437496867031
1573,20251882,-99.0,99,True,False,0.01,0.09085320896701887
1574,20251883,-111.0,111,True,False,0.01,0.13425666699185967
1575,20251884,-112.0,112,True,False,0.01,0.14001408399781212
1576,20251885,-120.0,120,True,False,0.01,0.07584645895985886
1577,20251886,-128.0,128,True,False,0.01,0.0761353750131093
1578,20251887,-118.0,118,True,False,0.01,0.08401916600996628
1579,20251888,-115.0,115,True,False,0.01,0.15025420900201425
1580,20251889,-108.0,108,True,False,0.01,0.10966175002977252
1581,20251890,-107.0,107,True,False,0.01,0.08048254199093208
1582,20251891,-107.0,107,True,False,0.01,0.05507145798765123
1583,20251892,-191.0,191,True,False,0.01,0.09774404199561104
1584,20251893,-181.0,181,True,False,0.01,0.09289033297682181
1585,20251894,-120.0,120,True,False,0.01,0.07814787497045472
1586,20251895,-127.0,127,True,False,0.01,0.07504445797530934
1587,20251896,-111.0,111,True,False,0.01,0.059380499995313585
1588,20251897,-112.0,112,True,False,0.01,0.05546850000973791
1589,20251898,-107.0,107,True,False,0.01,0.05400012503378093
1590,20251899,-115.0,115,True,False,0.01,0.0643277500057593
1591,20251900,-189.0,189,True,False,0.01,0.0967533330549486
1592,20251901,-154.0,154,True,False,0.01,0.08431624999502674
1593,20251902,-170.0,170,True,False,0.01,0.08673899999121204
1594,20251903,-200.0,200,False,True,0.01,0.11401658301474527
1595,20251904,-196.0,196,True,False,0.01,0.10206587502034381
1596,20251905,-181.0,181,True,False,0.01,0.09569270903011784
1597,20251906,-131.0,131,True,False,0.01,0.06705650000367314
1598,20251907,-112.0,112,True,False,0.01,0.06553850002819672
1599,20251908,-106.0,106,True,False,0.01,0.0830598339671269
1600,20251909,-116.0,116,True,False,0.01,0.06647204101318493
1601,20251910,-106.0,106,True,False,0.01,0.056988874974194914
1602,20251911,-200.0,200,False,True,0.01,0.10641133302124217
1603,20251912,-180.0,180,True,False,0.01,0.09269329201197252
1604,20251913,-190.0,190,True,False,0.01,0.0989832499762997
1605,20251914,-113.0,113,True,False,0.01,0.05680437496630475
1606,20251915,-126.0,126,True,False,0.01,0.06333462498150766
1607,20251916,-200.0,200,False,True,0.01,0.1018309589708224
1608,20251917,-137.0,137,True,False,0.01,0.07173637498635799
1609,20251918,-191.0,191,True,False,0.01,0.09761837497353554
1610,20251919,-198.0,198,True,False,0.01,0.09982204105472192
1611,20251920,-158.0,158,True,False,0.01,0.08063874999061227
1612,20251921,-97.0,97,True,False,0.01,0.048712165968026966
1613,20251922,-122.0,122,True,False,0.01,0.06412408297182992
1614,20251923,-187.0,187,True,False,0.01,0.1821861670468934
1615,20251924,-146.0,146,True,False,0.01,0.08267487504053861
1616,20251925,-197.0,197,True,False,0.01,0.10358879098203033
1617,20251926,-110.0,110,True,False,0.01,0.06295974995009601
1618,20251927,-89.0,89,True,False,0.01,0.04588562500430271
1619,20251928,-124.0,124,True,False,0.01,0.061993459006771445
1620,20251929,-200.0,200,False,True,0.01,0.10911516600754112
1621,20251930,-134.0,134,True,False,0.01,0.06678516702959314
1622,20251931,-117.0,117,True,False,0.01,0.059504249948076904
1623,20251932,-126.0,126,True,False,0.01,0.06497858295915648
1624,20251933,-116.0,116,True,False,0.01,0.06825354101601988
1625,20251934,-113.0,113,True,False,0.01,0.06658079201588407
1626,20251935,-170.0,170,True,False,0.01,0.08853462501429021
1627,20251936,-114.0,114,True,False,0.01,0.05814949999330565
1628,20251937,-194.0,194,True,False,0.01,0.10496137500740588
1629,20251938,-117.0,117,True,False,0.01,0.06084287498379126
1630,20251939,-194.0,194,True,False,0.01,0.09871370904147625
1631,20251940,-111.0,111,True,False,0.01,0.056943667004816234
1632,20251941,-85.0,85,True,False,0.01,0.04370812501292676
1633,20251942,-121.0,121,True,False,0.01,0.06119016697630286
1634,20251943,-115.0,115,True,False,0.01,0.058641750016249716
1635,20251944,-111.0,111,True,False,0.01,0.058711874997243285
1636,20251945,-106.0,106,True,False,0.01,0.05679791700094938
1637,20251946,-109.0,109,True,False,0.01,0.08112162497127429
1638,20251947,-111.0,111,True,False,0.01,0.06018808303633705
1639,20251948,-191.0,191,True,False,0.01,0.0980243330122903
1640,20251949,-88.0,88,True,False,0.01,0.04471408296376467
1641,20251950,-160.0,160,True,False,0.01,0.082674290984869
1642,20251951,-113.0,113,True,False,0.01,0.05839399999240413
1643,20251952,-117.0,117,True,False,0.01,0.0628439590218477
1644,20251953,-200.0,200,False,True,0.01,0.10384408402023837
1645,20251954,-176.0,176,True,False,0.01,0.10325429099611938
1646,20251955,-144.0,144,True,False,0.01,0.0904081670450978
1647,20251956,-176.0,176,True,False,0.01,0.12761095800669864
1648,20251957,-113.0,113,True,False,0.01,0.06493054196471348
1649,20251958,-177.0,177,True,False,0.01,0.09819824999431148
1650,20251959,-113.0,113,True,False,0.01,0.060074666980654
1651,20251960,-127.0,127,True,False,0.01,0.06640345801133662
1652,20251961,-164.0,164,True,False,0.01,0.08681041601812467
1653,20251962,-103.0,103,True,False,0.01,0.05901124997762963
1654,20251963,-93.0,93,True,False,0.01,0.0519794580177404
1655,20251964,-114.0,114,True,False,0.01,0.060278290999121964
1656,20251965,-110.0,110,True,False,0.01,0.06303216703236103
1657,20251966,-181.0,181,True,False,0.01,0.09377741697244346
1658,20251967,-88.0,88,True,False,0.01,0.04693762504030019
1659,20251968,-176.0,176,True,False,0.01,0.09694437496364117
1660,20251969,-89.0,89,True,False,0.01,0.04617691598832607
1661,20251970,-103.0,103,True,False,0.01,0.05498687498038635
1662,20251971,-194.0,194,True,False,0.01,0.10444379196269438
1663,20251972,-184.0,184,True,False,0.01,0.10382291598943993
1664,20251973,-105.0,105,True,False,0.01,0.1130892499932088
1665,20251974,-110.0,110,True,False,0.01,0.0688572499784641
1666,20251975,-109.0,109,True,False,0.01,0.05957470799330622
1667,20251976,-182.0,182,True,False,0.01,0.09570237499428913
1668,20251977,-200.0,200,False,True,0.01,0.10406899999361485
1669,20251978,-106.0,106,True,False,0.01,0.05640741600655019
1670,20251979,-84.0,84,True,False,0.01,0.0435903329635039
1671,20251980,-85.0,85,True,False,0.01,0.04594504204578698
1672,20251981,-119.0,119,True,False,0.01,0.07471650000661612
1673,20251982,-117.0,117,True,False,0.01,0.06754520896356553
1674,20251983,-123.0,123,True,False,0.01,0.0663899159990251
1675,20251984,-112.0,112,True,False,0.01,0.06245766603387892
1676,20251985,-116.0,116,True,False,0.01,0.06342300004325807
1677,20251986,-110.0,110,True,False,0.01,0.06535804201848805
1678,20251987,-122.0,122,True,False,0.01,0.08168850000947714
1679,20251988,-188.0,188,True,False,0.01,0.11604929203167558
1680,20251989,-190.0,190,True,False,0.01,0.10644720896380022
1681,20251990,-86.0,86,True,False,0.01,0.04607124999165535
1682,20251991,-104.0,104,True,False,0.01,0.05876041704323143
1683,20251992,-145.0,145,True,False,0.01,0.08411058300407603
1684,20251993,-107.0,107,True,False,0.01,0.05921316600870341
1685,20251994,-85.0,85,True,False,0.01,0.04875420802272856
1686,20251995,-124.0,124,True,False,0.01,0.07017566700233147
1687,20251996,-112.0,112,True,False,0.01,0.06354629201814532
1688,20251997,-93.0,93,True,False,0.01,0.050912874983623624
1689,20251998,-119.0,119,True,False,0.01,0.06470899999840185
1690,20251999,-108.0,108,True,False,0.01,0.06051737500820309
1691,20252000,-93.0,93,True,False,0.01,0.052552916982676834
1692,20252001,-101.0,101,True,False,0.01,0.0579146669479087
1693,20252002,-115.0,115,True,False,0.01,0.06334762496408075
1694,20252003,-85.0,85,True,False,0.01,0.05205800000112504
1695,20252004,-180.0,180,True,False,0.01,0.099722541985102
1696,20252005,-120.0,120,True,False,0.01,0.0665048339869827
1697,20252006,-157.0,157,True,False,0.01,0.08621666696853936
1698,20252007,-190.0,190,True,False,0.01,0.10115512501215562
1699,20252008,-114.0,114,True,False,0.01,0.05980233399895951
1700,20252009,-161.0,161,True,False,0.01,0.08406220795586705
1701,20252010,-86.0,86,True,False,0.01,0.047431415994651616
1702,20252011,-107.0,107,True,False,0.01,0.05849216703791171
1703,20252012,-200.0,200,False,True,0.01,0.16306695900857449
1704,20252013,-111.0,111,True,False,0.01,0.19968345802044496
1705,20252014,-122.0,122,True,False,0.01,0.07471687503857538
1706,20252015,-101.0,101,True,False,0.01,0.052977917017415166
1707,20252016,-131.0,131,True,False,0.01,0.06917825003620237
1708,20252017,-161.0,161,True,False,0.01,0.08600887499051169
1709,20252018,-110.0,110,True,False,0.01,0.0729236250044778
1710,20252019,-145.0,145,True,False,0.01,0.08922562497900799
1711,20252020,-88.0,88,True,False,0.01,0.0915452089975588
1712,20252021,-137.0,137,True,False,0.01,0.08625904197106138
1713,20252022,-89.0,89,True,False,0.01,0.05732508300570771
1714,20252023,-117.0,117,True,False,0.01,0.0795922499964945
1715,20252024,-149.0,149,True,False,0.01,0.18352850002702326
1716,20252025,-103.0,103,True,False,0.01,0.08691841596737504
1717,20252026,-137.0,137,True,False,0.01,0.0983447500038892
1718,20252027,-107.0,107,True,False,0.01,0.061498291965108365
1719,20252028,-90.0,90,True,False,0.01,0.06142774998443201
1720,20252029,-125.0,125,True,False,0.01,0.08283537504030392
1721,20252030,-129.0,129,True,False,0.01,0.08508341701235622
1722,20252031,-107.0,107,True,False,0.01,0.06104083301033825
1723,20252032,-89.0,89,True,False,0.01,0.07367370795691386
1724,20252033,-122.0,122,True,False,0.01,0.07198416598839685
1725,20252034,-94.0,94,True,False,0.01,0.05245129199465737
1726,20252035,-106.0,106,True,False,0.01,0.05771099997218698
1727,20252036,-112.0,112,True,False,0.01,0.07415533403400332
1728,20252037,-193.0,193,True,False,0.01,0.1043500829837285
1729,20252038,-183.0,183,True,False,0.01,0.16189329099142924
1730,20252039,-168.0,168,True,False,0.01,0.11586091603385285
1731,20252040,-119.0,119,True,False,0.01,0.08059516700450331
1732,20252041,-103.0,103,True,False,0.01,0.056592416018247604
1733,20252042,-113.0,113,True,False,0.01,0.06881204200908542
1734,20252043,-128.0,128,True,False,0.01,0.0776733749662526
1735,20252044,-104.0,104,True,False,0.01,0.06740579096367583
1736,20252045,-107.0,107,True,False,0.01,0.06481904099928215
1737,20252046,-109.0,109,True,False,0.01,0.05648750002728775
1738,20252047,-89.0,89,True,False,0.01,0.04617975000292063
1739,20252048,-200.0,200,False,True,0.01,0.10873174999142066
1740,20252049,-102.0,102,True,False,0.01,0.052613958017900586
1741,20252050,-103.0,103,True,False,0.01,0.05861929198727012
1742,20252051,-200.0,200,False,True,0.01,0.10483262501657009
1743,20252052,-88.0,88,True,False,0.01,0.048454708012286574
1744,20252053,-144.0,144,True,False,0.01,0.07429604098433629
1745,20252054,-175.0,175,True,False,0.01,0.09307087498018518
1746,20252055,-179.0,179,True,False,0.01,0.09453520900569856
1747,20252056,-200.0,200,False,True,0.01,0.11954220797633752
1748,20252057,-117.0,117,True,False,0.01,0.06858141598058864
1749,20252058,-162.0,162,True,False,0.01,0.09077737497864291
1750,20252059,-103.0,103,True,False,0.01,0.05189462500857189
1751,20252060,-163.0,163,True,False,0.01,0.09190658299485222
1752,20252061,-93.0,93,True,False,0.01,0.047931917011737823
1753,20252062,-105.0,105,True,False,0.01,0.09616729099070653
1754,20252063,-137.0,137,True,False,0.01,0.08132762496825308
1755,20252064,-106.0,106,True,False,0.01,0.05978312500519678
1756,20252065,-139.0,139,True,False,0.01,0.07314733299426734
1757,20252066,-108.0,108,True,False,0.01,0.06100445898482576
1758,20252067,-110.0,110,True,False,0.01,0.07617645803838968
1759,20252068,-161.0,161,True,False,0.01,0.1051802919828333
1760,20252069,-110.0,110,True,False,0.01,0.06974899995839223
1761,20252070,-116.0,116,True,False,0.01,0.0790307080023922
1762,20252071,-160.0,160,True,False,0.01,0.18054808303713799
1763,20252072,-114.0,114,True,False,0.01,0.340203833009582
1764,20252073,-105.0,105,True,False,0.01,0.7501399589818902
1765,20252074,-105.0,105,True,False,0.01,0.06414954195497558
1766,20252075,-177.0,177,True,False,0.01,0.09738237498095259
1767,20252076,-197.0,197,True,False,0.01,0.12415754195535555
1768,20252077,-86.0,86,True,False,0.01,0.059280125016812235
1769,20252078,-90.0,90,True,False,0.01,0.04885341698536649
1770,20252079,-105.0,105,True,False,0.01,0.055404209007974714
1771,20252080,-91.0,91,True,False,0.01,0.050490584049839526
1772,20252081,-107.0,107,True,False,0.01,0.06017904100008309
1773,20252082,-200.0,200,False,True,0.01,0.13995887496275827
1774,20252083,-126.0,126,True,False,0.01,0.08180883299792185
1775,20252084,-106.0,106,True,False,0.01,0.05826533300569281
1776,20252085,-172.0,172,True,False,0.01,0.09266149997711182
1777,20252086,-100.0,100,True,False,0.01,0.05725399998482317
1778,20252087,-106.0,106,True,False,0.01,0.058310041029471904
1779,20252088,-105.0,105,True,False,0.01,0.05616929201642051
1780,20252089,-196.0,196,True,False,0.01,0.16526233399054036
1781,20252090,-109.0,109,True,False,0.01,0.06745624996256083
1782,20252091,-103.0,103,True,False,0.01,0.0560777920181863
1783,20252092,-114.0,114,True,False,0.01,0.06014770804904401
1784,20252093,-106.0,106,True,False,0.01,0.05871900002239272
1785,20252094,-106.0,106,True,False,0.01,0.15091724996455014
1786,20252095,-112.0,112,True,False,0.01,0.16425441700266674
1787,20252096,-87.0,87,True,False,0.01,0.07496716699097306
1788,20252097,-110.0,110,True,False,0.01,0.067981583008077
1789,20252098,-108.0,108,True,False,0.01,0.061264291987754405
1790,20252099,-106.0,106,True,False,0.01,0.055530833022203296
1791,20252100,-143.0,143,True,False,0.01,0.08046120801009238
1792,20252101,-176.0,176,True,False,0.01,0.10277879203204066
1793,20252102,-180.0,180,True,False,0.01,0.09892099996795878
1794,20252103,-107.0,107,True,False,0.01,0.06522141600726172
1795,20252104,-88.0,88,True,False,0.01,0.04626799997640774
1796,20252105,-114.0,114,True,False,0.01,0.06092883297242224
1797,20252106,-182.0,182,True,False,0.01,0.10033487499458715
1798,20252107,-130.0,130,True,False,0.01,0.07990045804763213
1799,20252108,-108.0,108,True,False,0.01,0.09252433304209262
1800,20252109,-119.0,119,True,False,0.01,0.162214457988739
1801,20252110,-86.0,86,True,False,0.01,0.057398541015572846
1802,20252111,-111.0,111,True,False,0.01,0.06843891699099913
1803,20252112,-100.0,100,True,False,0.01,0.09457262500654906
1804,20252113,-86.0,86,True,False,0.01,0.049220791028346866
1805,20252114,-113.0,113,True,False,0.01,0.06427358399378136
1806,20252115,-105.0,105,True,False,0.01,0.05528441700153053
1807,20252116,-107.0,107,True,False,0.01,0.06524945801356807
1808,20252117,-88.0,88,True,False,0.01,0.05026700004236773
1809,20252118,-178.0,178,True,False,0.01,0.13684741698671132
1810,20252119,-105.0,105,True,False,0.01,0.08794758300064132
1811,20252120,-200.0,200,False,True,0.01,0.12094204197637737
1812,20252121,-109.0,109,True,False,0.01,0.06360841600690037
1813,20252122,-131.0,131,True,False,0.01,0.07748600002378225
1814,20252123,-161.0,161,True,False,0.01,0.09318525000708178
1815,20252124,-102.0,102,True,False,0.01,0.057447166997008026
1816,20252125,-105.0,105,True,False,0.01,0.06184379197657108
1817,20252126,-92.0,92,True,False,0.01,0.05691454198677093
1818,20252127,-120.0,120,True,False,0.01,0.06814379204297438
1819,20252128,-182.0,182,True,False,0.01,0.09936841699527577
1820,20252129,-174.0,174,True,False,0.01,0.09310412500053644
1821,20252130,-100.0,100,True,False,0.01,0.05742204101989046
1822,20252131,-200.0,200,False,True,0.01,0.12667537498055026
1823,20252132,-107.0,107,True,False,0.01,0.05727341695455834
1824,20252133,-167.0,167,True,False,0.01,0.08972562500275671
1825,20252134,-88.0,88,True,False,0.01,0.045339791977312416
1826,20252135,-105.0,105,True,False,0.01,0.058711665973532945
1827,20252136,-115.0,115,True,False,0.01,0.0637649170239456
1828,20252137,-144.0,144,True,False,0.01,0.0767575420322828
1829,20252138,-85.0,85,True,False,0.01,0.04469233303098008
1830,20252139,-105.0,105,True,False,0.01,0.059879916021600366
1831,20252140,-106.0,106,True,False,0.01,0.0582418330013752
1832,20252141,-107.0,107,True,False,0.01,0.07200987503165379
1833,20252142,-107.0,107,True,False,0.01,0.06489695800701156
1834,20252143,-91.0,91,True,False,0.01,0.0498304579523392
1835,20252144,-107.0,107,True,False,0.01,0.05781495803967118
1836,20252145,-103.0,103,True,False,0.01,0.05538024997804314
1837,20252146,-101.0,101,True,False,0.01,0.05422333301976323
1838,20252147,-200.0,200,False,True,0.01,0.10865054198075086
1839,20252148,-115.0,115,True,False,0.01,0.06228683301014826
1840,20252149,-170.0,170,True,False,0.01,0.09154395799851045
1841,20252150,-111.0,111,True,False,0.01,0.0639530829503201
1842,20252151,-109.0,109,True,False,0.01,0.16507216595346108
1843,20252152,-84.0,84,True,False,0.01,0.08336324995616451
1844,20252153,-180.0,180,True,False,0.01,0.1313157079857774
1845,20252154,-145.0,145,True,False,0.01,0.09336766600608826
1846,20252155,-129.0,129,True,False,0.01,0.07225150003796443
1847,20252156,-145.0,145,True,False,0.01,0.09195975004695356
1848,20252157,-100.0,100,True,False,0.01,0.0680021250154823
1849,20252158,-118.0,118,True,False,0.01,0.0915749580017291
1850,20252159,-105.0,105,True,False,0.01,0.06739504099823534
1851,20252160,-117.0,117,True,False,0.01,0.07674941595178097
1852,20252161,-104.0,104,True,False,0.01,0.0642104169819504
1853,20252162,-107.0,107,True,False,0.01,0.06325979100074619
1854,20252163,-90.0,90,True,False,0.01,0.04936237505171448
1855,20252164,-110.0,110,True,False,0.01,0.061371250019874424
1856,20252165,-114.0,114,True,False,0.01,0.06393166701309383
1857,20252166,-111.0,111,True,False,0.01,0.06610649998765439
1858,20252167,-146.0,146,True,False,0.01,0.09287241700803861
1859,20252168,-105.0,105,True,False,0.01,0.07529741601319984
1860,20252169,-108.0,108,True,False,0.01,0.0615428329911083
1861,20252170,-176.0,176,True,False,0.01,0.09649933304172009
1862,20252171,-114.0,114,True,False,0.01,0.06729458400513977
1863,20252172,-109.0,109,True,False,0.01,0.06929520796984434
1864,20252173,-107.0,107,True,False,0.01,0.0759514169767499
1865,20252174,-97.0,97,True,False,0.01,0.05759583303006366
1866,20252175,-95.0,95,True,False,0.01,0.07633279199944809
1867,20252176,-116.0,116,True,False,0.01,0.07324175001122057
1868,20252177,-112.0,112,True,False,0.01,0.0730718330014497
1869,20252178,-92.0,92,True,False,0.01,0.05498016602359712
1870,20252179,-88.0,88,True,False,0.01,0.050133541983086616
1871,20252180,-120.0,120,True,False,0.01,0.0707001659902744
1872,20252181,-108.0,108,True,False,0.01,0.09004595800070092
1873,20252182,-176.0,176,True,False,0.01,0.2402957919985056
1874,20252183,-162.0,162,True,False,0.01,0.10168395895743743
1875,20252184,-171.0,171,True,False,0.01,0.11698758398415521
1876,20252185,-108.0,108,True,False,0.01,0.07239074999233708
1877,20252186,-127.0,127,True,False,0.01,0.0755921250092797
1878,20252187,-131.0,131,True,False,0.01,0.09581820800667629
1879,20252188,-102.0,102,True,False,0.01,0.06917566701304168
1880,20252189,-166.0,166,True,False,0.01,0.1608885420137085
1881,20252190,-172.0,172,True,False,0.01,0.13624670798890293
1882,20252191,-100.0,100,True,False,0.01,0.05577754200203344
1883,20252192,-106.0,106,True,False,0.01,0.0561556660104543
1884,20252193,-110.0,110,True,False,0.01,0.05812429095385596
1885,20252194,-110.0,110,True,False,0.01,0.05772083398187533
1886,20252195,-110.0,110,True,False,0.01,0.05879374995129183
1887,20252196,-86.0,86,True,False,0.01,0.04555508302291855
1888,20252197,-109.0,109,True,False,0.01,0.06264479202218354
1889,20252198,-86.0,86,True,False,0.01,0.055493000021670014
1890,20252199,-104.0,104,True,False,0.01,0.056238749995827675
1891,20252200,-111.0,111,True,False,0.01,0.057783417054452
1892,20252201,-152.0,152,True,False,0.01,0.08075349999126047
1893,20252202,-86.0,86,True,False,0.01,0.04565325001021847
1894,20252203,-147.0,147,True,False,0.01,0.12331762502435595
1895,20252204,-96.0,96,True,False,0.01,0.09109670796897262
1896,20252205,-107.0,107,True,False,0.01,0.06488412496400997
1897,20252206,-104.0,104,True,False,0.01,0.054367874981835485
1898,20252207,-86.0,86,True,False,0.01,0.04718029196374118
1899,20252208,-120.0,120,True,False,0.01,0.062220166029874235
1900,20252209,-184.0,184,True,False,0.01,0.10204725002404302
1901,20252210,-103.0,103,True,False,0.01,0.06124195799930021
1902,20252211,-175.0,175,True,False,0.01,0.3544907079776749
1903,20252212,-110.0,110,True,False,0.01,0.0742267079767771
1904,20252213,-163.0,163,True,False,0.01,0.18812474998412654
1905,20252214,-156.0,156,True,False,0.01,0.11409208399709314
1906,20252215,-108.0,108,True,False,0.01,0.08191337500466034
1907,20252216,-200.0,200,False,True,0.01,0.2326958329649642
1908,20252217,-112.0,112,True,False,0.01,0.06808033300330862
1909,20252218,-200.0,200,False,True,0.01,0.10945808299584314
1910,20252219,-110.0,110,True,False,0.01,0.05757874995470047
1911,20252220,-115.0,115,True,False,0.01,0.05870674998732284
1912,20252221,-111.0,111,True,False,0.01,0.05939658294664696
1913,20252222,-102.0,102,True,False,0.01,0.05465337500208989
1914,20252223,-130.0,130,True,False,0.01,0.06834104203153402
1915,20252224,-89.0,89,True,False,0.01,0.050992665986996144
1916,20252225,-115.0,115,True,False,0.01,0.05920137499924749
1917,20252226,-101.0,101,True,False,0.01,0.053558666026219726
1918,20252227,-104.0,104,True,False,0.01,0.05398950004018843
1919,20252228,-144.0,144,True,False,0.01,0.07408804097212851
1920,20252229,-113.0,113,True,False,0.01,0.06003833399154246
1921,20252230,-119.0,119,True,False,0.01,0.06451575004030019
1922,20252231,-104.0,104,True,False,0.01,0.05663091700989753
1923,20252232,-90.0,90,True,False,0.01,0.0578889170428738
1924,20252233,-86.0,86,True,False,0.01,0.05418866698164493
1925,20252234,-162.0,162,True,False,0.01,0.09234320803079754
1926,20252235,-89.0,89,True,False,0.01,0.046710708003956825
1927,20252236,-110.0,110,True,False,0.01,0.05879662500228733
1928,20252237,-191.0,191,True,False,0.01,0.10221929097315297
1929,20252238,-191.0,191,True,False,0.01,0.09996458300156519
1930,20252239,-113.0,113,True,False,0.01,0.06131470901891589
1931,20252240,-153.0,153,True,False,0.01,0.07965312496526167
1932,20252241,-89.0,89,True,False,0.01,0.045326124993152916
1933,20252242,-182.0,182,True,False,0.01,0.09542841603979468
1934,20252243,-90.0,90,True,False,0.01,0.07997775002149865
1935,20252244,-174.0,174,True,False,0.01,0.14268533402355388
1936,20252245,-90.0,90,True,False,0.01,0.17160850000800565
1937,20252246,-100.0,100,True,False,0.01,0.06182141700992361
1938,20252247,-150.0,150,True,False,0.01,0.08137675002217293
1939,20252248,-171.0,171,True,False,0.01,0.09585204202448949
1940,20252249,-178.0,178,True,False,0.01,0.09546629100805148
1941,20252250,-150.0,150,True,False,0.01,0.08033666596747935
1942,20252251,-89.0,89,True,False,0.01,0.04795704100979492
1943,20252252,-94.0,94,True,False,0.01,0.05162649997510016
1944,20252253,-112.0,112,True,False,0.01,0.06374020897783339
1945,20252254,-156.0,156,True,False,0.01,0.08455366699490696
1946,20252255,-123.0,123,True,False,0.01,0.07090708304895088
1947,20252256,-105.0,105,True,False,0.01,0.099188249965664
1948,20252257,-180.0,180,True,False,0.01,0.1136951670050621
1949,20252258,-116.0,116,True,False,0.01,0.06474679196253419
1950,20252259,-88.0,88,True,False,0.01,0.04560512496391311
1951,20252260,-95.0,95,True,False,0.01,0.049562583037186414
1952,20252261,-115.0,115,True,False,0.01,0.06316529103787616
1953,20252262,-200.0,200,False,True,0.01,0.12998020800296217
1954,20252263,-108.0,108,True,False,0.01,0.06652195903006941
1955,20252264,-113.0,113,True,False,0.01,0.1356933339848183
1956,20252265,-151.0,151,True,False,0.01,0.09186441701604053
1957,20252266,-102.0,102,True,False,0.01,0.05534566700225696
1958,20252267,-105.0,105,True,False,0.01,0.054269750020466745
1959,20252268,-114.0,114,True,False,0.01,0.058713791018817574
1960,20252269,-193.0,193,True,False,0.01,0.10293445899151266
1961,20252270,-109.0,109,True,False,0.01,0.058162542001809925
1962,20252271,-131.0,131,True,False,0.01,0.07144949998473749
1963,20252272,-105.0,105,True,False,0.01,0.05678337498102337
1964,20252273,-119.0,119,True,False,0.01,0.06341825000708923
1965,20252274,-111.0,111,True,False,0.01,0.0608244999893941
1966,20252275,-125.0,125,True,False,0.01,0.06422854197444394
1967,20252276,-91.0,91,True,False,0.01,0.055069333990104496
1968,20252277,-183.0,183,True,False,0.01,0.10959333297796547
1969,20252278,-150.0,150,True,False,0.01,0.07709583296673372
1970,20252279,-118.0,118,True,False,0.01,0.06657095794798806
1971,20252280,-168.0,168,True,False,0.01,0.08430470898747444
1972,20252281,-117.0,117,True,False,0.01,0.06576437497278675
1973,20252282,-106.0,106,True,False,0.01,0.06172212498495355
1974,20252283,-84.0,84,True,False,0.01,0.04235425003571436
1975,20252284,-115.0,115,True,False,0.01,0.06170775002101436
1976,20252285,-87.0,87,True,False,0.01,0.04613299999618903
1977,20252286,-93.0,93,True,False,0.01,0.045813415956217796
1978,20252287,-105.0,105,True,False,0.01,0.05562520801322535
1979,20252288,-89.0,89,True,False,0.01,0.046711415983736515
1980,20252289,-200.0,200,False,True,0.01,0.11292191699612886
1981,20252290,-200.0,200,False,True,0.01,0.11878887505736202
1982,20252291,-116.0,116,True,False,0.01,0.09612187504535541
1983,20252292,-112.0,112,True,False,0.01,0.058590584027115256
1984,20252293,-122.0,122,True,False,0.01,0.06315604195697233
1985,20252294,-115.0,115,True,False,0.01,0.09632337500806898
1986,20252295,-113.0,113,True,False,0.01,0.15039154200349003
1987,20252296,-114.0,114,True,False,0.01,0.09358041599625722
1988,20252297,-158.0,158,True,False,0.01,0.1099182500038296
1989,20252298,-84.0,84,True,False,0.01,0.052163958025630563
1990,20252299,-162.0,162,True,False,0.01,0.08649783401051536
1991,20252300,-149.0,149,True,False,0.01,0.07738420902751386
1992,20252301,-144.0,144,True,False,0.01,0.07785687496652827
1993,20252302,-140.0,140,True,False,0.01,0.07180733297718689
1994,20252303,-89.0,89,True,False,0.01,0.04443966696271673
1995,20252304,-173.0,173,True,False,0.01,0.088972500001546
1996,20252305,-139.0,139,True,False,0.01,0.07098937500268221
1997,20252306,-119.0,119,True,False,0.01,0.06563399999868125
1998,20252307,-101.0,101,True,False,0.01,0.05399745795875788
1999,20252308,-102.0,102,True,False,0.01,0.05627491697669029
2000,20252309,-161.0,161,True,False,0.01,0.08656004199292511
2001,20252310,-154.0,154,True,False,0.01,0.0840118330088444
2002,20252311,-102.0,102,True,False,0.01,0.05362500000046566
2003,20252312,-126.0,126,True,False,0.01,0.07745916600106284
2004,20252313,-86.0,86,True,False,0.01,0.08759595797164366
2005,20252314,-89.0,89,True,False,0.01,0.08289241697639227
2006,20252315,-91.0,91,True,False,0.01,0.058518458041362464
2007,20252316,-101.0,101,True,False,0.01,0.06371583300642669
2008,20252317,-118.0,118,True,False,0.01,0.08755024999845773
2009,20252318,-122.0,122,True,False,0.01,0.10872775001917034
2010,20252319,-193.0,193,True,False,0.01,0.11136591702234
2011,20252320,-94.0,94,True,False,0.01,0.06121874996460974
2012,20252321,-150.0,150,True,False,0.01,0.0833976250141859
2013,20252322,-102.0,102,True,False,0.01,0.05442266596946865
2014,20252323,-85.0,85,True,False,0.01,0.04748087498592213
2015,20252324,-110.0,110,True,False,0.01,0.07226566702593118
2016,20252325,-118.0,118,True,False,0.01,0.13368324999464676
2017,20252326,-109.0,109,True,False,0.01,0.17662741703679785
2018,20252327,-108.0,108,True,False,0.01,0.06628491601441056
2019,20252328,-109.0,109,True,False,0.01,0.07966283400310203
2020,20252329,-200.0,200,False,True,0.01,0.14410545903956518
2021,20252330,-137.0,137,True,False,0.01,0.10033800004748628
2022,20252331,-98.0,98,True,False,0.01,0.06514579098438844
2023,20252332,-126.0,126,True,False,0.01,0.0746068749576807
2024,20252333,-91.0,91,True,False,0.01,0.06197066599270329
2025,20252334,-91.0,91,True,False,0.01,0.0818094169953838
2026,20252335,-106.0,106,True,False,0.01,0.0823433329933323
2027,20252336,-103.0,103,True,False,0.01,0.0588095830171369
2028,20252337,-109.0,109,True,False,0.01,0.061713790986686945
2029,20252338,-115.0,115,True,False,0.01,0.06571874994551763
2030,20252339,-156.0,156,True,False,0.01,0.08767949999310076
2031,20252340,-84.0,84,True,False,0.01,0.07418133300961927
2032,20252341,-200.0,200,False,True,0.01,0.11714149999897927
2033,20252342,-154.0,154,True,False,0.01,0.08974745898740366
2034,20252343,-86.0,86,True,False,0.01,0.05491329199867323
2035,20252344,-200.0,200,False,True,0.01,0.12662066594930366
2036,20252345,-86.0,86,True,False,0.01,0.04538166703423485
2037,20252346,-87.0,87,True,False,0.01,0.05200245801825076
2038,20252347,-122.0,122,True,False,0.01,0.06698037503520027
2039,20252348,-118.0,118,True,False,0.01,0.06529216701164842
2040,20252349,-111.0,111,True,False,0.01,0.05902937497012317
2041,20252350,-108.0,108,True,False,0.01,0.16781904199160635
2042,20252351,-109.0,109,True,False,0.01,0.0624091659556143
2043,20252352,-106.0,106,True,False,0.01,0.06150687497574836
2044,20252353,-86.0,86,True,False,0.01,0.05544108402682468
2045,20252354,-166.0,166,True,False,0.01,0.10296170896617696
2046,20252355,-141.0,141,True,False,0.01,0.08075191598618403
2047,20252356,-200.0,200,False,True,0.01,0.10732474998803809
2048,20252357,-103.0,103,True,False,0.01,0.055467375030275434
2049,20252358,-118.0,118,True,False,0.01,0.06124508299399167
2050,20252359,-133.0,133,True,False,0.01,0.07231924997176975
2051,20252360,-108.0,108,True,False,0.01,0.058354249980766326
2052,20252361,-118.0,118,True,False,0.01,0.062524291977752
2053,20252362,-137.0,137,True,False,0.01,0.07153629197273403
2054,20252363,-153.0,153,True,False,0.01,0.08663245796924457
2055,20252364,-154.0,154,True,False,0.01,0.09115141700021923
2056,20252365,-85.0,85,True,False,0.01,0.04786137503106147
2057,20252366,-126.0,126,True,False,0.01,0.08305916702374816
2058,20252367,-98.0,98,True,False,0.01,0.05798225000035018
2059,20252368,-105.0,105,True,False,0.01,0.05698179203318432
2060,20252369,-107.0,107,True,False,0.01,0.05621562502346933
2061,20252370,-104.0,104,True,False,0.01,0.05329204199369997
2062,20252371,-95.0,95,True,False,0.01,0.05066508299205452
2063,20252372,-178.0,178,True,False,0.01,0.0922463329625316
2064,20252373,-125.0,125,True,False,0.01,0.06660404201829806
2065,20252374,-118.0,118,True,False,0.01,0.07034779200330377
2066,20252375,-107.0,107,True,False,0.01,0.062615042028483
2067,20252376,-170.0,170,True,False,0.01,0.1040177500108257
2068,20252377,-139.0,139,True,False,0.01,0.07586833403911442
2069,20252378,-110.0,110,True,False,0.01,0.05800395802361891
2070,20252379,-113.0,113,True,False,0.01,0.059851208003237844
2071,20252380,-134.0,134,True,False,0.01,0.0706147089949809
2072,20252381,-112.0,112,True,False,0.01,0.06223529198905453
2073,20252382,-119.0,119,True,False,0.01,0.0644440830219537
2074,20252383,-112.0,112,True,False,0.01,0.05813529196893796
2075,20252384,-98.0,98,True,False,0.01,0.05065295798704028
2076,20252385,-113.0,113,True,False,0.01,0.06113258301047608
2077,20252386,-108.0,108,True,False,0.01,0.07375199999660254
2078,20252387,-99.0,99,True,False,0.01,0.08641012501902878
2079,20252388,-108.0,108,True,False,0.01,0.05945037503261119
2080,20252389,-98.0,98,True,False,0.01,0.05376462498679757
2081,20252390,-110.0,110,True,False,0.01,0.0587615420226939
2082,20252391,-167.0,167,True,False,0.01,0.12961295899003744
2083,20252392,-104.0,104,True,False,0.01,0.06747487495886162
2084,20252393,-191.0,191,True,False,0.01,0.1466538750100881
2085,20252394,-104.0,104,True,False,0.01,0.05681141698732972
2086,20252395,-100.0,100,True,False,0.01,0.059667374996934086
2087,20252396,-106.0,106,True,False,0.01,0.06264049996389076
2088,20252397,-191.0,191,True,False,0.01,0.10808162501780316
2089,20252398,-198.0,198,True,False,0.01,0.10225316695868969
2090,20252399,-102.0,102,True,False,0.01,0.05738391703926027
2091,20252400,-155.0,155,True,False,0.01,0.09028220799518749
2092,20252401,-88.0,88,True,False,0.01,0.055942125036381185
2093,20252402,-116.0,116,True,False,0.01,0.085355166986119
2094,20252403,-131.0,131,True,False,0.01,0.07316408399492502
2095,20252404,-185.0,185,True,False,0.01,0.12297808297444135
2096,20252405,-84.0,84,True,False,0.01,0.07738020794931799
2097,20252406,-150.0,150,True,False,0.01,0.1533596669905819
2098,20252407,-148.0,148,True,False,0.01,0.08999579196097329
2099,20252408,-84.0,84,True,False,0.01,0.049879750004038215
2100,20252409,-110.0,110,True,False,0.01,0.06149233295582235
2101,20252410,-108.0,108,True,False,0.01,0.06162883300567046
2102,20252411,-90.0,90,True,False,0.01,0.060619041963946074
2103,20252412,-116.0,116,True,False,0.01,0.0642989999614656
2104,20252413,-159.0,159,True,False,0.01,0.08838183298939839
2105,20252414,-105.0,105,True,False,0.01,0.10380770801566541
2106,20252415,-158.0,158,True,False,0.01,0.09735541604459286
2107,20252416,-103.0,103,True,False,0.01,0.05595695896772668
2108,20252417,-105.0,105,True,False,0.01,0.0621511249919422
2109,20252418,-107.0,107,True,False,0.01,0.05558087502140552
2110,20252419,-105.0,105,True,False,0.01,0.05679270799737424
2111,20252420,-99.0,99,True,False,0.01,0.05165049998322502
2112,20252421,-131.0,131,True,False,0.01,0.07010374998208135
2113,20252422,-106.0,106,True,False,0.01,0.055205709009896964
2114,20252423,-200.0,200,False,True,0.01,0.13090854103211313
2115,20252424,-95.0,95,True,False,0.01,0.055561916960868984
2116,20252425,-109.0,109,True,False,0.01,0.06148883298737928
2117,20252426,-190.0,190,True,False,0.01,0.10759579198202118
2118,20252427,-173.0,173,True,False,0.01,0.09485920798033476
2119,20252428,-194.0,194,True,False,0.01,0.10812870896188542
2120,20252429,-110.0,110,True,False,0.01,0.060088457947131246
2121,20252430,-90.0,90,True,False,0.01,0.05746166699100286
2122,20252431,-200.0,200,False,True,0.01,0.10753400000976399
2123,20252432,-101.0,101,True,False,0.01,0.05438191699795425
2124,20252433,-157.0,157,True,False,0.01,0.08231754100415856
2125,20252434,-94.0,94,True,False,0.01,0.049115999951027334
2126,20252435,-200.0,200,False,True,0.01,0.11571725003886968
2127,20252436,-103.0,103,True,False,0.01,0.06074741599150002
2128,20252437,-198.0,198,True,False,0.01,0.19962337502511218
2129,20252438,-88.0,88,True,False,0.01,0.05975974997272715
2130,20252439,-101.0,101,True,False,0.01,0.05315312504535541
2131,20252440,-117.0,117,True,False,0.01,0.0727838339516893
2132,20252441,-106.0,106,True,False,0.01,0.05613166600232944
2133,20252442,-108.0,108,True,False,0.01,0.06256808404577896
2134,20252443,-109.0,109,True,False,0.01,0.06135804200312123
2135,20252444,-89.0,89,True,False,0.01,0.04484979098197073
2136,20252445,-200.0,200,False,True,0.01,0.11217204201966524
2137,20252446,-116.0,116,True,False,0.01,0.0647080410271883
2138,20252447,-107.0,107,True,False,0.01,0.06435200001578778
2139,20252448,-117.0,117,True,False,0.01,0.060498790990095586
2140,20252449,-103.0,103,True,False,0.01,0.05417541699716821
2141,20252450,-104.0,104,True,False,0.01,0.05330091604264453
2142,20252451,-115.0,115,True,False,0.01,0.06114895798964426
2143,20252452,-163.0,163,True,False,0.01,0.08628345804754645
2144,20252453,-106.0,106,True,False,0.01,0.05727645801380277
2145,20252454,-181.0,181,True,False,0.01,0.09499987500021234
2146,20252455,-122.0,122,True,False,0.01,0.06820629199501127
2147,20252456,-117.0,117,True,False,0.01,0.07650316704530269
2148,20252457,-116.0,116,True,False,0.01,0.0782052080030553
2149,20252458,-102.0,102,True,False,0.01,0.06546374998288229
2150,20252459,-86.0,86,True,False,0.01,0.05119029199704528
2151,20252460,-166.0,166,True,False,0.01,0.08516787498956546
2152,20252461,-172.0,172,True,False,0.01,0.08930833300109953
2153,20252462,-175.0,175,True,False,0.01,0.09077333402819932
2154,20252463,-116.0,116,True,False,0.01,0.061267999990377575
2155,20252464,-88.0,88,True,False,0.01,0.04586029198253527
2156,20252465,-85.0,85,True,False,0.01,0.04337558295810595
2157,20252466,-200.0,200,False,True,0.01,0.10571800003526732
2158,20252467,-155.0,155,True,False,0.01,0.0908862499636598
2159,20252468,-92.0,92,True,False,0.01,0.04725404200144112
2160,20252469,-150.0,150,True,False,0.01,0.08520391600904986
2161,20252470,-182.0,182,True,False,0.01,0.11168341699521989
2162,20252471,-110.0,110,True,False,0.01,0.06701304204761982
2163,20252472,-158.0,158,True,False,0.01,0.09250554197933525
2164,20252473,-186.0,186,True,False,0.01,0.1613969579921104
2165,20252474,-114.0,114,True,False,0.01,0.15926941600628197
2166,20252475,-89.0,89,True,False,0.01,0.055389625020325184
2167,20252476,-171.0,171,True,False,0.01,0.13475670904153958
2168,20252477,-88.0,88,True,False,0.01,0.09222724998835474
2169,20252478,-116.0,116,True,False,0.01,0.13537237496348098
2170,20252479,-117.0,117,True,False,0.01,0.09157175000291318
2171,20252480,-107.0,107,True,False,0.01,0.0733192500192672
2172,20252481,-170.0,170,True,False,0.01,0.10390620800899342
2173,20252482,-120.0,120,True,False,0.01,0.0681461250060238
2174,20252483,-153.0,153,True,False,0.01,0.14344370795879513
2175,20252484,-164.0,164,True,False,0.01,0.09006245800992474
2176,20252485,-117.0,117,True,False,0.01,0.06640150002203882
2177,20252486,-86.0,86,True,False,0.01,0.04778254096163437
2178,20252487,-120.0,120,True,False,0.01,0.06904450000729412
2179,20252488,-150.0,150,True,False,0.01,0.0812329999753274
2180,20252489,-106.0,106,True,False,0.01,0.06136474997038022
2181,20252490,-151.0,151,True,False,0.01,0.07764983299421147
2182,20252491,-116.0,116,True,False,0.01,0.059107375040184706
2183,20252492,-170.0,170,True,False,0.01,0.08631612500175834
2184,20252493,-119.0,119,True,False,0.01,0.0636988750193268
2185,20252494,-97.0,97,True,False,0.01,0.0781863330048509
2186,20252495,-152.0,152,True,False,0.01,0.09259304200531915
2187,20252496,-118.0,118,True,False,0.01,0.060552624985575676
2188,20252497,-165.0,165,True,False,0.01,0.08392029197420925
2189,20252498,-108.0,108,True,False,0.01,0.05531404202338308
2190,20252499,-163.0,163,True,False,0.01,0.08314937498653308
2191,20252500,-88.0,88,True,False,0.01,0.048349583987146616
2192,20252501,-87.0,87,True,False,0.01,0.04499008401762694
2193,20252502,-200.0,200,False,True,0.01,0.09873137495014817
2194,20252503,-88.0,88,True,False,0.01,0.04747437499463558
2195,20252504,-88.0,88,True,False,0.01,0.04470158298499882
2196,20252505,-88.0,88,True,False,0.01,0.04413470794679597
2197,20252506,-98.0,98,True,False,0.01,0.04905958299059421
2198,20252507,-114.0,114,True,False,0.01,0.05773724999744445
2199,20252508,-155.0,155,True,False,0.01,0.08301054098410532
2200,20252509,-110.0,110,True,False,0.01,0.06167216703761369
2201,20252510,-86.0,86,True,False,0.01,0.044096208992414176
2202,20252511,-174.0,174,True,False,0.01,0.08634275000076741
2203,20252512,-108.0,108,True,False,0.01,0.05464891705196351
2204,20252513,-108.0,108,True,False,0.01,0.05380754196085036
2205,20252514,-86.0,86,True,False,0.01,0.043099792033899575
2206,20252515,-200.0,200,False,True,0.01,0.09903379197930917
2207,20252516,-86.0,86,True,False,0.01,0.0428148329956457
2208,20252517,-164.0,164,True,False,0.01,0.08299500000430271
2209,20252518,-106.0,106,True,False,0.01,0.05311716697178781
2210,20252519,-109.0,109,True,False,0.01,0.05552270798943937
2211,20252520,-110.0,110,True,False,0.01,0.057189583021681756
2212,20252521,-89.0,89,True,False,0.01,0.04929587501101196
2213,20252522,-110.0,110,True,False,0.01,0.061452292022295296
2214,20252523,-106.0,106,True,False,0.01,0.05503870901884511
2215,20252524,-88.0,88,True,False,0.01,0.04733299999497831
2216,20252525,-88.0,88,True,False,0.01,0.04538633400807157
2217,20252526,-88.0,88,True,False,0.01,0.04449375002877787
2218,20252527,-122.0,122,True,False,0.01,0.062068625004030764
2219,20252528,-200.0,200,False,True,0.01,0.16314824996516109
2220,20252529,-113.0,113,True,False,0.01,0.05772079201415181
2221,20252530,-152.0,152,True,False,0.01,0.0797942079952918
2222,20252531,-167.0,167,True,False,0.01,0.08615412499057129
2223,20252532,-159.0,159,True,False,0.01,0.08070341701386496
2224,20252533,-179.0,179,True,False,0.01,0.09158020798349753
2225,20252534,-200.0,200,False,True,0.01,0.10206620796816424
2226,20252535,-158.0,158,True,False,0.01,0.09157029201742262
2227,20252536,-112.0,112,True,False,0.01,0.05579241702798754
2228,20252537,-148.0,148,True,False,0.01,0.07584199996199459
2229,20252538,-173.0,173,True,False,0.01,0.08703420899109915
2230,20252539,-167.0,167,True,False,0.01,0.13799820799613371
2231,20252540,-176.0,176,True,False,0.01,0.10234525002306327
2232,20252541,-182.0,182,True,False,0.01,0.09482729103183374
2233,20252542,-172.0,172,True,False,0.01,0.09584483300568536
2234,20252543,-152.0,152,True,False,0.01,0.0785216250224039
2235,20252544,-111.0,111,True,False,0.01,0.059750207990873605
2236,20252545,-171.0,171,True,False,0.01,0.09477374999551103
2237,20252546,-153.0,153,True,False,0.01,0.08075595798436552
2238,20252547,-165.0,165,True,False,0.01,0.09084645798429847
2239,20252548,-162.0,162,True,False,0.01,0.09226079197833315
2240,20252549,-172.0,172,True,False,0.01,0.09546033304650337
2241,20252550,-200.0,200,False,True,0.01,0.11071729101240635
2242,20252551,-112.0,112,True,False,0.01,0.09735333296703175
2243,20252552,-200.0,200,False,True,0.01,0.13644737499998882
2244,20252553,-200.0,200,False,True,0.01,0.11934087501140311
2245,20252554,-200.0,200,False,True,0.01,0.22604999999748543
2246,20252555,-186.0,186,True,False,0.01,0.18870737502584234
2247,20252556,-157.0,157,True,False,0.01,0.11390216700965539
2248,20252557,-162.0,162,True,False,0.01,0.119783665984869
2249,20252558,-166.0,166,True,False,0.01,0.09501774999080226
2250,20252559,-98.0,98,True,False,0.01,0.06054416700499132
2251,20252560,-165.0,165,True,False,0.01,0.09831920900614932
2252,20252561,-200.0,200,False,True,0.01,0.12384120904607698
2253,20252562,-121.0,121,True,False,0.01,0.0666924580000341
2254,20252563,-200.0,200,False,True,0.01,0.13031837495509535
2255,20252564,-200.0,200,False,True,0.01,0.12821237498428673
2256,20252565,-143.0,143,True,False,0.01,0.11215291597181931
2257,20252566,-199.0,199,True,False,0.01,0.1341921670245938
2258,20252567,-200.0,200,False,True,0.01,0.12136108300182968
2259,20252568,-200.0,200,False,True,0.01,0.12020620796829462
2260,20252569,-111.0,111,True,False,0.01,0.06837808300042525
2261,20252570,-104.0,104,True,False,0.01,0.06241320900153369
2262,20252571,-168.0,168,True,False,0.01,0.10476200003176928
2263,20252572,-94.0,94,True,False,0.01,0.05327454203506932
2264,20252573,-190.0,190,True,False,0.01,0.19731887499801815
2265,20252574,-121.0,121,True,False,0.01,0.09067937498912215
2266,20252575,-112.0,112,True,False,0.01,0.07043929200153798
2267,20252576,-124.0,124,True,False,0.01,0.06276416702894494
2268,20252577,-102.0,102,True,False,0.01,0.054803417006041855
2269,20252578,-183.0,183,True,False,0.01,0.09669691603630781
2270,20252579,-109.0,109,True,False,0.01,0.061896083992905915
2271,20252580,-112.0,112,True,False,0.01,0.06050241703633219
2272,20252581,-187.0,187,True,False,0.01,0.10298024996882305
2273,20252582,-87.0,87,True,False,0.01,0.05691987503087148
2274,20252583,-141.0,141,True,False,0.01,0.084076291997917
2275,20252584,-123.0,123,True,False,0.01,0.06857937498716637
2276,20252585,-120.0,120,True,False,0.01,0.06809037504717708
2277,20252586,-111.0,111,True,False,0.01,0.057446249993517995
2278,20252587,-178.0,178,True,False,0.01,0.09513212501769885
2279,20252588,-116.0,116,True,False,0.01,0.07065904198680073
2280,20252589,-110.0,110,True,False,0.01,0.12798900000052527
2281,20252590,-89.0,89,True,False,0.01,0.1324152090237476
2282,20252591,-87.0,87,True,False,0.01,0.06706208299146965
2283,20252592,-144.0,144,True,False,0.01,0.1092390840058215
2284,20252593,-108.0,108,True,False,0.01,0.13817099999869242
2285,20252594,-183.0,183,True,False,0.01,0.15678345802007243
2286,20252595,-121.0,121,True,False,0.01,0.1065672499826178
2287,20252596,-105.0,105,True,False,0.01,0.17759995796950534
2288,20252597,-111.0,111,True,False,0.01,0.07834970898693427
2289,20252598,-104.0,104,True,False,0.01,0.10062625003047287
2290,20252599,-90.0,90,True,False,0.01,0.05723783402936533
2291,20252600,-179.0,179,True,False,0.01,0.11521195800742134
2292,20252601,-109.0,109,True,False,0.01,0.07868037500884384
2293,20252602,-141.0,141,True,False,0.01,0.09497049998026341
2294,20252603,-97.0,97,True,False,0.01,0.05911608296446502
2295,20252604,-119.0,119,True,False,0.01,0.07383524999022484
2296,20252605,-200.0,200,True,True,0.01,0.178856749960687
2297,20252606,-176.0,176,True,False,0.01,0.11003570799948648
2298,20252607,-113.0,113,True,False,0.01,0.07761912501882762
2299,20252608,-190.0,190,True,False,0.01,0.10158254095586017
2300,20252609,-152.0,152,True,False,0.01,0.08467124996241182
2301,20252610,-104.0,104,True,False,0.01,0.07548412500182167
2302,20252611,-198.0,198,True,False,0.01,0.10595537495100871
2303,20252612,-85.0,85,True,False,0.01,0.0465548750362359
2304,20252613,-113.0,113,True,False,0.01,0.05966374999843538
2305,20252614,-132.0,132,True,False,0.01,0.14278937497874722
2306,20252615,-103.0,103,True,False,0.01,0.12560983304865658
2307,20252616,-89.0,89,True,False,0.01,0.11168341699521989
2308,20252617,-187.0,187,True,False,0.01,0.17055345798144117
2309,20252618,-89.0,89,True,False,0.01,0.050559166993480176
2310,20252619,-109.0,109,True,False,0.01,0.07771433296147734
2311,20252620,-102.0,102,True,False,0.01,0.05678270902717486
2312,20252621,-114.0,114,True,False,0.01,0.07213045802200213
2313,20252622,-95.0,95,True,False,0.01,0.057768541970290244
2314,20252623,-89.0,89,True,False,0.01,0.05509191699093208
2315,20252624,-121.0,121,True,False,0.01,0.07184225000673905
2316,20252625,-104.0,104,True,False,0.01,0.05389295902568847
2317,20252626,-103.0,103,True,False,0.01,0.05720687500433996
2318,20252627,-147.0,147,True,False,0.01,0.08010866702534258
2319,20252628,-90.0,90,True,False,0.01,0.06521774997236207
2320,20252629,-161.0,161,True,False,0.01,0.09325187501963228
2321,20252630,-132.0,132,True,False,0.01,0.07074741600081325
2322,20252631,-128.0,128,True,False,0.01,0.08305120799923316
2323,20252632,-106.0,106,True,False,0.01,0.05692129203816876
2324,20252633,-97.0,97,True,False,0.01,0.05078137497184798
2325,20252634,-110.0,110,True,False,0.01,0.061169790977146477
2326,20252635,-176.0,176,True,False,0.01,0.10139799996977672
2327,20252636,-85.0,85,True,False,0.01,0.0485882920329459
2328,20252637,-200.0,200,False,True,0.01,0.10357916698558256
2329,20252638,-154.0,154,True,False,0.01,0.0815028750221245
2330,20252639,-108.0,108,True,False,0.01,0.056464417022652924
2331,20252640,-173.0,173,True,False,0.01,0.09196366701507941
2332,20252641,-94.0,94,True,False,0.01,0.049007333000190556
2333,20252642,-109.0,109,True,False,0.01,0.05592608300503343
2334,20252643,-182.0,182,True,False,0.01,0.10236924997298047
2335,20252644,-110.0,110,True,False,0.01,0.057773875014390796
2336,20252645,-112.0,112,True,False,0.01,0.06491091701900586
2337,20252646,-115.0,115,True,False,0.01,0.05932716600364074
2338,20252647,-107.0,107,True,False,0.01,0.06598845799453557
2339,20252648,-111.0,111,True,False,0.01,0.1019944169675
2340,20252649,-184.0,184,True,False,0.01,0.13105508300941437
2341,20252650,-86.0,86,True,False,0.01,0.04691662499681115
2342,20252651,-111.0,111,True,False,0.01,0.06273445795523003
2343,20252652,-86.0,86,True,False,0.01,0.05066358303884044
2344,20252653,-107.0,107,True,False,0.01,0.07580920902546495
2345,20252654,-105.0,105,True,False,0.01,0.058312749955803156
2346,20252655,-162.0,162,True,False,0.01,0.09857370803365484
2347,20252656,-175.0,175,True,False,0.01,0.08932812500279397
2348,20252657,-104.0,104,True,False,0.01,0.05214383394923061
2349,20252658,-104.0,104,True,False,0.01,0.05746562499552965
2350,20252659,-103.0,103,True,False,0.01,0.05479816597653553
2351,20252660,-120.0,120,True,False,0.01,0.06358450005063787
2352,20252661,-114.0,114,True,False,0.01,0.0589587910217233
2353,20252662,-189.0,189,True,False,0.01,0.09576587501214817
2354,20252663,-136.0,136,True,False,0.01,0.07485083403298631
2355,20252664,-157.0,157,True,False,0.01,0.08097066701157019
2356,20252665,-116.0,116,True,False,0.01,0.06834274996072054
2357,20252666,-122.0,122,True,False,0.01,0.0640608340036124
2358,20252667,-200.0,200,False,True,0.01,0.1073067500256002
2359,20252668,-114.0,114,True,False,0.01,0.05992349999723956
2360,20252669,-105.0,105,True,False,0.01,0.06327991600846872
2361,20252670,-84.0,84,True,False,0.01,0.04196941701229662
2362,20252671,-157.0,157,True,False,0.01,0.08078141702571884
2363,20252672,-85.0,85,True,False,0.01,0.047341665951535106
2364,20252673,-200.0,200,False,True,0.01,0.13340249995235354
2365,20252674,-115.0,115,True,False,0.01,0.05871070799184963
2366,20252675,-107.0,107,True,False,0.01,0.06224058294901624
2367,20252676,-169.0,169,True,False,0.01,0.09376374998828396
2368,20252677,-189.0,189,True,False,0.01,0.10564383398741484
2369,20252678,-85.0,85,True,False,0.01,0.04382987500866875
2370,20252679,-177.0,177,True,False,0.01,0.09138620900921524
2371,20252680,-114.0,114,True,False,0.01,0.0599037500214763
2372,20252681,-120.0,120,True,False,0.01,0.1506964159780182
2373,20252682,-108.0,108,True,False,0.01,0.08878820796962827
2374,20252683,-123.0,123,True,False,0.01,0.07737970899324864
2375,20252684,-179.0,179,True,False,0.01,0.10391712503042072
2376,20252685,-119.0,119,True,False,0.01,0.06873837497550994
2377,20252686,-171.0,171,True,False,0.01,0.09571887500351295
2378,20252687,-188.0,188,True,False,0.01,0.10547366697574034
2379,20252688,-86.0,86,True,False,0.01,0.04400345799513161
2380,20252689,-119.0,119,True,False,0.01,0.0694714579731226
2381,20252690,-193.0,193,True,False,0.01,0.13707212498411536
2382,20252691,-88.0,88,True,False,0.01,0.04784162499709055
2383,20252692,-158.0,158,True,False,0.01,0.09931891597807407
2384,20252693,-103.0,103,True,False,0.01,0.061593875056132674
2385,20252694,-88.0,88,True,False,0.01,0.054943041992373765
2386,20252695,-109.0,109,True,False,0.01,0.07007545803207904
2387,20252696,-200.0,200,False,True,0.01,0.11232087499229237
2388,20252697,-113.0,113,True,False,0.01,0.07284941599937156
2389,20252698,-87.0,87,True,False,0.01,0.04884983296506107
2390,20252699,-164.0,164,True,False,0.01,0.08884191705146804
2391,20252700,-178.0,178,True,False,0.01,0.0908441249630414
2392,20252701,-191.0,191,True,False,0.01,0.10166599997319281
2393,20252702,-165.0,165,True,False,0.01,0.13363845902495086
2394,20252703,-117.0,117,True,False,0.01,0.06512145895976573
2395,20252704,-197.0,197,True,False,0.01,0.1074580000131391
2396,20252705,-125.0,125,True,False,0.01,0.06771216698689386
2397,20252706,-184.0,184,True,False,0.01,0.10700250003719702
2398,20252707,-119.0,119,True,False,0.01,0.0647234579664655
2399,20252708,-110.0,110,True,False,0.01,0.05904491699766368
2400,20252709,-108.0,108,True,False,0.01,0.05781999998725951
2401,20252710,-157.0,157,True,False,0.01,0.10444304201519117
2402,20252711,-162.0,162,True,False,0.01,0.18212070799199864
2403,20252712,-120.0,120,True,False,0.01,0.07153804099652916
2404,20252713,-113.0,113,True,False,0.01,0.06318399996962398
2405,20252714,-109.0,109,True,False,0.01,0.0569622500333935
2406,20252715,-93.0,93,True,False,0.01,0.0507102080155164
2407,20252716,-102.0,102,True,False,0.01,0.0619245829875581
2408,20252717,-112.0,112,True,False,0.01,0.05693637498188764
2409,20252718,-88.0,88,True,False,0.01,0.04703641700325534
2410,20252719,-185.0,185,True,False,0.01,0.10663395799929276
2411,20252720,-185.0,185,True,False,0.01,0.09702841599937528
2412,20252721,-155.0,155,True,False,0.01,0.09141595801338553
2413,20252722,-182.0,182,True,False,0.01,0.11124087497591972
2414,20252723,-147.0,147,True,False,0.01,0.07634891598718241
2415,20252724,-118.0,118,True,False,0.01,0.06421366595895961
2416,20252725,-174.0,174,True,False,0.01,0.09075345803285018
2417,20252726,-109.0,109,True,False,0.01,0.05797745898598805
2418,20252727,-110.0,110,True,False,0.01,0.056762708991300315
2419,20252728,-117.0,117,True,False,0.01,0.06070249999174848
2420,20252729,-108.0,108,True,False,0.01,0.055335332988761365
2421,20252730,-141.0,141,True,False,0.01,0.07277758402051404
2422,20252731,-93.0,93,True,False,0.01,0.09610983304446563
2423,20252732,-111.0,111,True,False,0.01,0.07497883297037333
2424,20252733,-112.0,112,True,False,0.01,0.06117316597374156
2425,20252734,-118.0,118,True,False,0.01,0.059654332988429815
2426,20252735,-115.0,115,True,False,0.01,0.0579085000208579
2427,20252736,-108.0,108,True,False,0.01,0.057243417017161846
2428,20252737,-119.0,119,True,False,0.01,0.06467787502333522
2429,20252738,-109.0,109,True,False,0.01,0.05588891601655632
2430,20252739,-190.0,190,True,False,0.01,0.102244709036313
2431,20252740,-186.0,186,True,False,0.01,0.09630491602001712
2432,20252741,-110.0,110,True,False,0.01,0.06300262501463294
2433,20252742,-100.0,100,True,False,0.01,0.05959604203235358
2434,20252743,-105.0,105,True,False,0.01,0.05709845799719915
2435,20252744,-106.0,106,True,False,0.01,0.06203554099192843
2436,20252745,-119.0,119,True,False,0.01,0.0916578330215998
2437,20252746,-163.0,163,True,False,0.01,0.1224999999976717
2438,20252747,-114.0,114,True,False,0.01,0.08154912496684119
2439,20252748,-111.0,111,True,False,0.01,0.07944862497970462
2440,20252749,-154.0,154,True,False,0.01,0.09904441697290167
2441,20252750,-116.0,116,True,False,0.01,0.07029933301964775
2442,20252751,-115.0,115,True,False,0.01,0.06838533299742267
2443,20252752,-91.0,91,True,False,0.01,0.050549292005598545
2444,20252753,-104.0,104,True,False,0.01,0.08669629198266193
2445,20252754,-122.0,122,True,False,0.01,0.0873691660235636
2446,20252755,-106.0,106,True,False,0.01,0.0725799580104649
2447,20252756,-116.0,116,True,False,0.01,0.06028958299430087
2448,20252757,-200.0,200,False,True,0.01,0.10865929198917001
2449,20252758,-186.0,186,True,False,0.01,0.11896912503289059
2450,20252759,-184.0,184,True,False,0.01,0.1733657909790054
2451,20252760,-150.0,150,True,False,0.01,0.09706616698531434
2452,20252761,-106.0,106,True,False,0.01,0.13678258302388713
2453,20252762,-93.0,93,True,False,0.01,0.12643066700547934
2454,20252763,-104.0,104,True,False,0.01,0.06314833299256861
2455,20252764,-87.0,87,True,False,0.01,0.0523466250160709
2456,20252765,-104.0,104,True,False,0.01,0.055193500011228025
2457,20252766,-200.0,200,False,True,0.01,0.11077387497061864
2458,20252767,-86.0,86,True,False,0.01,0.044904334004968405
2459,20252768,-110.0,110,True,False,0.01,0.057595749967731535
2460,20252769,-104.0,104,True,False,0.01,0.056397208012640476
2461,20252770,-200.0,200,False,True,0.01,0.10326766601065174
2462,20252771,-200.0,200,False,True,0.01,0.10518154199235141
2463,20252772,-108.0,108,True,False,0.01,0.05942912498721853
2464,20252773,-106.0,106,True,False,0.01,0.07243662496330217
2465,20252774,-101.0,101,True,False,0.01,0.07113108300836757
2466,20252775,-156.0,156,True,False,0.01,0.08418295800220221
2467,20252776,-86.0,86,True,False,0.01,0.04339062498183921
2468,20252777,-183.0,183,True,False,0.01,0.09561725001549348
2469,20252778,-158.0,158,True,False,0.01,0.08221854199655354
2470,20252779,-85.0,85,True,False,0.01,0.044386374996975064
2471,20252780,-186.0,186,True,False,0.01,0.09276837500510737
2472,20252781,-135.0,135,True,False,0.01,0.07422058301744983
2473,20252782,-110.0,110,True,False,0.01,0.06307724997168407
2474,20252783,-147.0,147,True,False,0.01,0.08126491698203608
2475,20252784,-176.0,176,True,False,0.01,0.09643174998927861
2476,20252785,-106.0,106,True,False,0.01,0.054502249986398965
2477,20252786,-123.0,123,True,False,0.01,0.06355562497628853
2478,20252787,-168.0,168,True,False,0.01,0.0918645829660818
2479,20252788,-105.0,105,True,False,0.01,0.06109204201493412
2480,20252789,-104.0,104,True,False,0.01,0.05235166696365923
2481,20252790,-129.0,129,True,False,0.01,0.06395720900036395
2482,20252791,-111.0,111,True,False,0.01,0.057908124988898635
2483,20252792,-111.0,111,True,False,0.01,0.05665116698946804
2484,20252793,-100.0,100,True,False,0.01,0.05057383299572393
2485,20252794,-84.0,84,True,False,0.01,0.04370766703505069
2486,20252795,-109.0,109,True,False,0.01,0.06262974999845028
2487,20252796,-87.0,87,True,False,0.01,0.048818041977938265
2488,20252797,-200.0,200,False,True,0.01,0.1142277920152992
2489,20252798,-86.0,86,True,False,0.01,0.04499287501676008
2490,20252799,-118.0,118,True,False,0.01,0.06166016700444743
2491,20252800,-103.0,103,True,False,0.01,0.05993199994554743
2492,20252801,-104.0,104,True,False,0.01,0.11695637501543388
2493,20252802,-200.0,200,False,True,0.01,0.1752024160232395
2494,20252803,-200.0,200,False,True,0.01,0.1041945000179112
2495,20252804,-106.0,106,True,False,0.01,0.05709441704675555
2496,20252805,-110.0,110,True,False,0.01,0.08542258304078132
2497,20252806,-90.0,90,True,False,0.01,0.06262458302080631
2498,20252807,-84.0,84,True,False,0.01,0.046108291018754244
2499,20252808,-164.0,164,True,False,0.01,0.10301454196451232
2500,20252809,-109.0,109,True,False,0.01,0.07145166699774563
